MtR,meankl,optimgain,entloss,AttC,TtR,TimestepsSoFar,TimeElapsed,AttNC,Fce,entropy,surrgain,EpisodesSoFar
5.568101257701704,0.005580112,0.0015525757,0.0,0.7631578947368421,9.342105263157896,9836,40.3457088470459,0.23684210526315788,0.08525202700061989,1.4242989,0.0015525757,152
9.08837235466601,0.0043064207,0.0014601944,0.0,0.5454545454545454,15.818181818181818,19994,81.38597464561462,0.45454545454545453,0.0767619451328203,1.4160022,0.0014601944,240
11.871472148879644,0.0026290878,0.0013267089,0.0,0.417910447761194,20.850746268656717,29836,124.0906331539154,0.582089552238806,0.10901283058392247,1.3776685,0.0013267089,307
11.134415648742076,0.0024734044,0.0007998428,0.0,0.4117647058823529,19.573529411764707,39930,167.4373550415039,0.5882352941176471,0.09553820148749156,1.3584596,0.0007998428,375
12.6455550479104,0.005656712,0.0025574341,0.0,0.3333333333333333,22.1,49990,203.97466158866882,0.6666666666666666,0.0972089635854342,1.321655,0.0025574341,435
12.096237997749165,0.0045351526,0.001177298,0.0,0.36065573770491804,21.16393442622951,59800,245.24698305130005,0.639344262295082,0.09730002602133746,1.2863146,0.001177298,496
11.481583566957145,0.006486319,0.0012955475,0.0,0.375,20.328125,69856,285.908239364624,0.625,0.08862797619047619,1.2084962,0.0012955475,560
10.971972715507507,0.008940834,0.0018243012,0.0,0.40298507462686567,19.17910447761194,79907,327.24181747436523,0.5970149253731343,0.08549253731343284,1.2221677,0.0018243012,627
13.613576816661046,0.0023976895,0.001730368,0.0,0.24528301886792453,24.056603773584907,89926,371.7995870113373,0.7547169811320755,0.10244025157232704,1.228027,0.001730368,680
10.537026843692948,0.0016513176,0.0019178841,0.0,0.44285714285714284,18.5,99765,409.5361535549164,0.5571428571428572,0.07863116510818376,1.2120814,0.0019178841,750
13.183605002547031,0.005234523,0.0022689775,0.0,0.2857142857142857,23.142857142857142,109803,450.24567580223083,0.7142857142857143,0.12309523809523805,1.1708174,0.0022689775,806
12.157148553630204,0.00382247,0.0022958892,0.0,0.3442622950819672,21.40983606557377,119868,494.3828430175781,0.6557377049180327,0.08826114466494102,1.1265689,0.0022958892,867
13.729344529507097,0.0022596791,0.0012471642,0.0,0.2727272727272727,23.6,129897,529.7055714130402,0.7272727272727273,0.09634747474747477,1.0945652,0.0012471642,922
14.21520885318185,0.00089745503,0.0010859192,0.0,0.21568627450980393,24.80392156862745,139922,570.7706770896912,0.7843137254901961,0.10193837535014005,1.0956649,0.0010859192,973
13.435130406101822,0.004080488,0.001570974,0.0,0.2727272727272727,23.01818181818182,149947,618.435120344162,0.7272727272727273,0.09806060606060607,1.0583482,0.001570974,1028
11.145842434572701,0.0032516643,0.0011226226,0.0,0.3442622950819672,19.721311475409838,159978,656.6440525054932,0.6557377049180327,0.08209836065573771,1.0415887,0.0011226226,1089
14.343695115815047,0.004089595,0.0018299866,0.0,0.2,25.16,169994,693.7351937294006,0.8,0.10064000000000001,1.0238601,0.0018299866,1139
14.11974152048985,0.0032290267,0.0019353012,0.0,0.25,24.71153846153846,179771,733.3621497154236,0.75,0.10929914529914529,1.0158753,0.0019353012,1191
14.708700844842383,0.0021939003,0.0024279312,0.0,0.21568627450980393,25.607843137254903,189782,773.318293094635,0.7843137254901961,0.12196078431372546,1.0036625,0.0024279312,1242
13.002303549931126,0.0074612335,0.004085826,0.0,0.24528301886792453,23.132075471698112,199803,819.1732454299927,0.7547169811320755,0.09252830188679247,0.9964587,0.004085826,1295
13.437372490830313,0.006133819,0.0029416368,0.0,0.3220338983050847,22.93220338983051,209862,863.6881017684937,0.6779661016949152,0.09534541203974281,0.99060667,0.0029416368,1354
15.724285740910572,0.0023489327,0.0023975037,0.0,0.13043478260869565,27.26086956521739,219872,901.8926656246185,0.8695652173913043,0.13069565217391302,0.9976192,0.0023975037,1400
14.061889865613104,0.002136198,0.0029572616,0.0,0.25925925925925924,24.59259259259259,229900,942.1360683441162,0.7407407407407407,0.1015892255892256,0.9744471,0.0029572616,1454
13.007267304231673,0.003823054,0.0036375793,0.0,0.2982456140350877,22.842105263157894,239999,981.027911901474,0.7017543859649122,0.10361244917441861,0.95949346,0.0036375793,1511
15.406337246644043,0.0016746733,0.0029139938,0.0,0.1702127659574468,27.170212765957448,249769,1021.1227445602417,0.8297872340425532,0.11285106382978723,0.94898087,0.0029139938,1558
15.05639524933266,0.0064749825,0.0025916488,0.0,0.2,25.94,259807,1064.9916779994965,0.8,0.11260369747899157,0.93906033,0.0025916488,1608
13.864517962830895,0.0013786573,0.0019639714,0.0,0.21568627450980393,23.88235294117647,269834,1108.366815328598,0.7843137254901961,0.09767935409457904,0.93291605,0.0019639714,1659
14.650156413025826,0.0011479511,0.0021934204,0.0,0.21568627450980393,25.41176470588235,279857,1149.2269468307495,0.7843137254901961,0.12117647058823534,0.92191434,0.0021934204,1710
15.015746336266192,0.001296964,0.0025548493,0.0,0.14893617021276595,26.70212765957447,289868,1190.462960243225,0.851063829787234,0.11097872340425533,0.9269461,0.0025548493,1757
14.183396079131679,0.0030761447,0.002334957,0.0,0.24528301886792453,24.735849056603772,299911,1228.5096032619476,0.7547169811320755,0.12290788013318538,0.89002156,0.002334957,1810
13.068798530836254,0.0030768765,0.0029912132,0.0,0.25925925925925924,22.74074074074074,309929,1270.502759695053,0.7407407407407407,0.1094074074074074,0.8573882,0.0029912132,1864
13.158047166862929,0.0034437638,0.0031492524,0.0,0.24528301886792453,23.20754716981132,319948,1312.2016332149506,0.7547169811320755,0.09283018867924529,0.81152195,0.0031492524,1917
14.183773469391463,0.0012348176,0.0023502575,0.0,0.21568627450980393,24.84313725490196,329961,1354.7649955749512,0.7843137254901961,0.09937254901960783,0.808557,0.0023502575,1968
12.073511842727568,0.003928612,0.0033818528,0.0,0.3333333333333333,20.9,339995,1394.661742925644,0.6666666666666666,0.08360000000000004,0.78149456,0.0033818528,2028
13.94598562656689,0.0029595715,0.003389022,0.0,0.2641509433962264,24.056603773584907,349771,1433.5749971866608,0.7358490566037735,0.0978662092624357,0.7456661,0.003389022,2081
13.284325606492233,0.003001394,0.0032509149,0.0,0.24528301886792453,23.49056603773585,359790,1471.5305817127228,0.7547169811320755,0.10017610062893084,0.7099608,0.0032509149,2134
16.29833515440447,0.0022112506,0.0029615776,0.0,0.1111111111111111,28.755555555555556,369799,1511.7022166252136,0.8888888888888888,0.11502222222222226,0.7248759,0.0029615776,2179
15.078325190972691,0.002399174,0.0031373368,0.0,0.13043478260869565,26.5,379805,1551.2561264038086,0.8695652173913043,0.10600000000000001,0.6958228,0.0031373368,2225
13.569777954844625,0.0017119126,0.0027994493,0.0,0.24528301886792453,24.07547169811321,389832,1592.1101541519165,0.7547169811320755,0.09630188679245284,0.69530576,0.0027994493,2278
13.980734789467812,0.0040347595,0.0034374145,0.0,0.16666666666666666,24.625,399840,1636.4473090171814,0.8333333333333334,0.09850000000000003,0.6678448,0.0034374145,2326
14.934458747685369,0.0034232803,0.004721087,0.0,0.16666666666666666,26.520833333333332,409850,1677.9067108631134,0.8333333333333334,0.1129444444444445,0.64477545,0.004721087,2374
14.592102771444052,0.003856094,0.0031870345,0.0,0.1836734693877551,25.551020408163264,419859,1714.131808757782,0.8163265306122449,0.10220408163265306,0.6457615,0.0031870345,2423
15.318916536520916,0.002022136,0.0030689957,0.0,0.13043478260869565,26.58695652173913,429865,1753.0522615909576,0.8695652173913043,0.10634782608695653,0.642975,0.0030689957,2469
15.850602704306162,0.002618845,0.0031345459,0.0,0.09090909090909091,27.454545454545453,439871,1795.2417969703674,0.9090909090909091,0.10981818181818186,0.6070168,0.0031345459,2513
15.08359731827313,0.0017395387,0.0028303626,0.0,0.16666666666666666,26.291666666666668,449879,1837.880853652954,0.8333333333333334,0.10516666666666669,0.60195714,0.0028303626,2561
14.507913088654156,0.002019538,0.0032491393,0.0,0.16666666666666666,25.166666666666668,459887,1882.512353181839,0.8333333333333334,0.1006666666666667,0.62235296,0.0032491393,2609
16.584752955587895,0.0030379128,0.0038181664,0.0,0.06976744186046512,29.11627906976744,469890,1921.468071937561,0.9302325581395349,0.1164651162790698,0.6162337,0.0038181664,2652
14.394146907696124,0.0022894845,0.003567683,0.0,0.1836734693877551,24.959183673469386,479899,1960.0032176971436,0.8163265306122449,0.09983673469387756,0.6265588,0.003567683,2701
15.742781614951502,0.0034293716,0.0038085533,0.0,0.09090909090909091,27.454545454545453,489903,1998.5769398212433,0.9090909090909091,0.10981818181818183,0.6405621,0.0038085533,2745
14.489221938579297,0.0026863639,0.0030708124,0.0,0.1111111111111111,25.333333333333332,499908,2035.859497308731,0.8888888888888888,0.12346666666666671,0.66770333,0.0030708124,2790
16.69943934410928,0.002347083,0.0035880585,0.0,0.09090909090909091,29.75,509928,2081.327136516571,0.9090909090909091,0.12273796791443853,0.6514049,0.0035880585,2834
14.782296260057297,0.0032252762,0.003921976,0.0,0.2,25.66,519938,2123.9165556430817,0.8,0.12255999999999999,0.6761706,0.003921976,2884
15.928603722630164,0.003146485,0.0046721254,0.0,0.1111111111111111,27.355555555555554,529965,2159.9958930015564,0.8888888888888888,0.11521616161616165,0.683068,0.0046721254,2929
18.085527482690186,0.0022615537,0.0034226014,0.0,0.024390243902439025,31.658536585365855,539984,2199.1068806648254,0.975609756097561,0.12782028241335047,0.7083457,0.0034226014,2970
16.56242603255977,0.0044668466,0.0041273134,0.0,0.06976744186046512,29.302325581395348,549989,2240.036647796631,0.9302325581395349,0.11720930232558145,0.7271728,0.0041273134,3013
14.325739254298808,0.0047154487,0.0035887398,0.0,0.2,25.46,559999,2276.383198261261,0.8,0.10184000000000003,0.74084514,0.0035887398,3063
16.691510154930544,0.004910198,0.0040535405,0.0,0.11363636363636363,28.636363636363637,569754,2319.700805425644,0.8863636363636364,0.11454545454545455,0.699343,0.0040535405,3107
16.08594044565614,0.0031748132,0.003920941,0.0,0.14893617021276595,28.23404255319149,579767,2365.2682280540466,0.851063829787234,0.11293617021276596,0.68228096,0.003920941,3154
14.796405578081826,0.0023032033,0.0038971358,0.0,0.2,26.14,589777,2405.7582561969757,0.8,0.10456000000000003,0.670351,0.0038971358,3204
14.785830737741996,0.004698991,0.0045366073,0.0,0.23076923076923078,25.403846153846153,599791,2443.971753358841,0.7692307692307693,0.12076923076923077,0.649048,0.0045366073,3256
17.399918459867862,0.0030220977,0.0040007387,0.0,0.09090909090909091,30.431818181818183,609795,2483.4313814640045,0.9090909090909091,0.12172727272727277,0.63150257,0.0040007387,3300
14.338384213352077,0.0028372433,0.00416098,0.0,0.1836734693877551,25.367346938775512,619814,2523.0125834941864,0.8163265306122449,0.12851700680272105,0.59563375,0.00416098,3349
15.982923668187281,0.003379586,0.0044537676,0.0,0.13043478260869565,27.91304347826087,629822,2567.1035907268524,0.8695652173913043,0.11881159420289855,0.6087443,0.0044537676,3395
14.991705287821846,0.0039863014,0.0052416213,0.0,0.23076923076923078,25.76923076923077,639848,2606.801078081131,0.7692307692307693,0.1323333333333333,0.5821945,0.0052416213,3447
12.969941370241482,0.0035638001,0.004681563,0.0,0.2857142857142857,22.821428571428573,649888,2646.0091500282288,0.7142857142857143,0.11192557442557446,0.55176,0.004681563,3503
14.48431274535721,0.0025955571,0.0039742617,0.0,0.13043478260869565,25.391304347826086,659898,2691.478369951248,0.8695652173913043,0.1232173913043478,0.56465584,0.0039742617,3549
16.23169828981927,0.0041119372,0.0041192933,0.0,0.13043478260869565,28.565217391304348,669940,2728.4988100528717,0.8695652173913043,0.11626321974148061,0.5505258,0.0041192933,3595
14.988450749325525,0.0032788035,0.004476172,0.0,0.1836734693877551,26.591836734693878,679955,2768.9757850170135,0.8163265306122449,0.11036734693877553,0.53735334,0.004476172,3644
16.382358680357328,0.0028143008,0.0032627236,0.0,0.047619047619047616,28.714285714285715,689973,2811.8113350868225,0.9523809523809523,0.11616246498599445,0.56930596,0.0032627236,3686
16.940831155944302,0.0029884048,0.004144125,0.0,0.1111111111111111,29.866666666666667,699978,2854.173224210739,0.8888888888888888,0.14160000000000003,0.5526129,0.004144125,3731
16.831877969685568,0.0033080003,0.0052983765,0.0,0.09090909090909091,29.954545454545453,709982,2895.2552366256714,0.9090909090909091,0.11981818181818181,0.5630792,0.0052983765,3775
16.869260428748216,0.0026447072,0.004207831,0.0,0.1111111111111111,29.822222222222223,719999,2936.3124396800995,0.8888888888888888,0.15260336700336705,0.55087566,0.004207831,3820
17.016388667093235,0.0034647363,0.005670241,0.0,0.09302325581395349,30.232558139534884,729763,2976.1558001041412,0.9069767441860465,0.12497251585623682,0.53678244,0.005670241,3863
17.328624061273423,0.0020522086,0.0036852234,0.0,0.047619047619047616,30.571428571428573,739785,3017.904403924942,0.9523809523809523,0.12956302521008406,0.54336494,0.0036852234,3905
17.86342940425972,0.0025333737,0.0045105284,0.0,0.09090909090909091,31.59090909090909,749803,3059.9148190021515,0.9090909090909091,0.12636363636363637,0.5389687,0.0045105284,3949
16.40687379517966,0.0029908752,0.004463486,0.0,0.1111111111111111,28.8,759808,3099.894412279129,0.8888888888888888,0.11520000000000002,0.5425529,0.004463486,3994
15.55464053354057,0.00271464,0.0038180938,0.0,0.13043478260869565,27.630434782608695,769818,3140.296664237976,0.8695652173913043,0.1105217391304348,0.53073055,0.0038180938,4040
15.506351054809487,0.00270353,0.003627948,0.0,0.16666666666666666,27.0625,779826,3184.3407773971558,0.8333333333333334,0.10825,0.5277399,0.003627948,4088
17.65479909856479,0.0039365105,0.004822664,0.0,0.1111111111111111,30.533333333333335,789831,3224.349189758301,0.8888888888888888,0.12213333333333334,0.5187868,0.004822664,4133
15.647030765742187,0.004659117,0.004388791,0.0,0.09090909090909091,27.522727272727273,799839,3263.2824108600616,0.9090909090909091,0.11009090909090914,0.52548224,0.004388791,4177
14.96634573414618,0.0036809586,0.0047332686,0.0,0.1111111111111111,26.177777777777777,809844,3304.942331314087,0.8888888888888888,0.10471111111111113,0.49469957,0.0047332686,4222
16.28913257764694,0.0029653872,0.0049069887,0.0,0.09090909090909091,28.431818181818183,819848,3347.7827019691467,0.9090909090909091,0.11372727272727273,0.505221,0.0049069887,4266
17.632415384624448,0.003929547,0.004029428,0.0,0.047619047619047616,31.30952380952381,829862,3391.1108717918396,0.9523809523809523,0.13044688644688643,0.51751715,0.004029428,4308
16.293589708862285,0.0035181905,0.004190039,0.0,0.09090909090909091,28.068181818181817,839866,3428.330353498459,0.9090909090909091,0.11227272727272726,0.52322316,0.004190039,4352
15.666028456629531,0.002613094,0.0044493102,0.0,0.09090909090909091,27.431818181818183,849870,3470.187046289444,0.9090909090909091,0.10972727272727273,0.5285861,0.0044493102,4396
13.723318882955809,0.0034147773,0.004764501,0.0,0.2,23.78,859898,3511.086976289749,0.8,0.11504000000000002,0.54261184,0.004764501,4446
16.120319221491812,0.0024934562,0.004111114,0.0,0.1111111111111111,28.42222222222222,869903,3546.7987973690033,0.8888888888888888,0.11368888888888888,0.54254144,0.004111114,4491
16.119331995687425,0.0035905517,0.004165695,0.0,0.1111111111111111,28.377777777777776,879916,3589.511653661728,0.8888888888888888,0.13564444444444443,0.5651939,0.004165695,4536
15.659836279749856,0.0053859986,0.0043324544,0.0,0.16666666666666666,27.75,889924,3631.936929702759,0.8333333333333334,0.11100000000000003,0.5203948,0.0043324544,4584
15.637869279397302,0.002794107,0.004298008,0.0,0.13043478260869565,27.47826086956522,899930,3671.8210668563843,0.8695652173913043,0.1099130434782609,0.50797665,0.004298008,4630
16.06386765422329,0.0043850355,0.0045728297,0.0,0.09090909090909091,28.295454545454547,909934,3711.9625136852264,0.9090909090909091,0.11318181818181822,0.5228385,0.0045728297,4674
15.947363906188366,0.0034907898,0.0049851844,0.0,0.13043478260869565,27.67391304347826,919940,3755.2490813732147,0.8695652173913043,0.11069565217391307,0.55081195,0.0049851844,4720
15.896935583672182,0.0028115679,0.0041049616,0.0,0.1111111111111111,27.733333333333334,929945,3795.082475423813,0.8888888888888888,0.11093333333333336,0.54497427,0.0041049616,4765
14.262900739537905,0.0022081032,0.0029461724,0.0,0.16666666666666666,24.875,939953,3833.7210211753845,0.8333333333333334,0.09950000000000003,0.52203083,0.0029461724,4813
17.67797678514413,0.003292846,0.003453096,0.0,0.024390243902439025,30.75609756097561,949954,3872.836924791336,0.975609756097561,0.12302439024390248,0.5239561,0.003453096,4854
16.43497066589761,0.0022169577,0.0037783387,0.0,0.047619047619047616,28.69047619047619,959956,3914.4975414276123,0.9523809523809523,0.11476190476190479,0.53113693,0.0037783387,4896
16.371681794065246,0.0043070554,0.003030716,0.0,0.13043478260869565,28.652173913043477,969962,3959.5124011039734,0.8695652173913043,0.11460869565217394,0.5144037,0.003030716,4942
16.2768700154766,0.0015435163,0.0033087803,0.0,0.09090909090909091,28.636363636363637,979966,4003.04577088356,0.9090909090909091,0.11454545454545455,0.50338495,0.0033087803,4986
15.722184399690933,0.0022417724,0.0031014588,0.0,0.09090909090909091,27.84090909090909,989972,4042.3444318771362,0.9090909090909091,0.11136363636363641,0.51892334,0.0031014588,5030
14.683111449400267,0.0019058037,0.003442778,0.0,0.16666666666666666,26.208333333333332,999984,4082.854874610901,0.8333333333333334,0.10483333333333333,0.52724105,0.003442778,5078
15.718259622166377,0.0022148574,0.003561256,0.0,0.06976744186046512,27.162790697674417,1009987,4122.520144701004,0.9302325581395349,0.10865116279069771,0.5078643,0.003561256,5121
16.04818198897781,0.001688544,0.0027881966,0.0,0.09090909090909091,28.34090909090909,1019991,4163.054822444916,0.9090909090909091,0.11336363636363633,0.48798573,0.0027881966,5165
16.684809343630178,0.0026722557,0.003665857,0.0,0.024390243902439025,29.341463414634145,1029994,4204.309162378311,0.975609756097561,0.11736585365853663,0.5264682,0.003665857,5206
14.172956115197989,0.001735598,0.0023601968,0.0,0.1702127659574468,25.170212765957448,1039768,4239.055449962616,0.8297872340425532,0.10334751773049651,0.52837175,0.0023601968,5253
15.107377949510017,0.0021328225,0.0023514237,0.0,0.13043478260869565,26.23913043478261,1049776,4280.212817668915,0.8695652173913043,0.10495652173913046,0.5504782,0.0023514237,5299
14.299664568236372,0.0013283831,0.0022336503,0.0,0.2,25.26,1059790,4324.031693935394,0.8,0.10496,0.5661726,0.0022336503,5349
16.504351391841134,0.007148654,0.001934137,0.0,0.1111111111111111,28.6,1069795,4363.851128101349,0.8888888888888888,0.11439999999999999,0.5639655,0.001934137,5394
16.134300547760407,0.0014487803,0.0018115265,0.0,0.09090909090909091,28.5,1079799,4403.409302711487,0.9090909090909091,0.11400000000000002,0.5914691,0.0018115265,5438
15.420126172103041,0.0024117965,0.0027527115,0.0,0.06976744186046512,27.13953488372093,1089804,4445.314310789108,0.9302325581395349,0.10855813953488375,0.6001179,0.0027527115,5481
16.271173078315247,0.0033098976,0.0033251652,0.0,0.13043478260869565,28.869565217391305,1099812,4481.24320936203,0.8695652173913043,0.13713043478260864,0.6252117,0.0033251652,5527
16.31375941541002,0.0025331173,0.0021550714,0.0,0.09090909090909091,28.75,1109816,4522.821354627609,0.9090909090909091,0.11500000000000003,0.5895696,0.0021550714,5571
14.853677340309417,0.004591103,0.003746738,0.0,0.1111111111111111,26.155555555555555,1119821,4560.149776935577,0.8888888888888888,0.10462222222222224,0.6305522,0.003746738,5616
14.906181485410947,0.003431231,0.0034016755,0.0,0.1836734693877551,25.877551020408163,1129830,4600.209231138229,0.8163265306122449,0.10351020408163267,0.59386355,0.0034016755,5665
13.872733026584484,0.0034037842,0.003381746,0.0,0.21568627450980393,24.470588235294116,1139851,4644.435487270355,0.7843137254901961,0.12125490196078435,0.5812967,0.003381746,5716
16.226943833165986,0.0020797837,0.001930159,0.0,0.13043478260869565,28.195652173913043,1149857,4683.33181810379,0.8695652173913043,0.11278260869565221,0.57107526,0.001930159,5762
15.016020983796968,0.004109101,0.002381356,0.0,0.14893617021276595,26.53191489361702,1159866,4724.326447486877,0.851063829787234,0.10612765957446811,0.5410134,0.002381356,5809
15.267625949578996,0.003877479,0.0041458444,0.0,0.14893617021276595,27.23404255319149,1169875,4769.250814914703,0.851063829787234,0.13012765957446812,0.57168514,0.0041458444,5856
17.52705671433933,0.002629793,0.0021964232,0.0,0.047619047619047616,30.642857142857142,1179877,4809.177797317505,0.9523809523809523,0.12257142857142858,0.60453063,0.0021964232,5898
15.534131463871883,0.001266441,0.0016460938,0.0,0.1111111111111111,27.533333333333335,1189884,4846.252045631409,0.8888888888888888,0.11745185185185186,0.5880207,0.0016460938,5943
15.190672949548237,0.0019552454,0.0021851684,0.0,0.14893617021276595,26.425531914893618,1199893,4887.9985320568085,0.851063829787234,0.10570212765957449,0.6192937,0.0021851684,5990
15.20941611744638,0.004761807,0.004693412,0.0,0.09090909090909091,26.795454545454547,1209897,4926.708438873291,0.9090909090909091,0.10718181818181823,0.62540436,0.004693412,6034
15.569418347882069,0.0035194503,0.003504377,0.0,0.1111111111111111,27.133333333333333,1219908,4972.756466388702,0.8888888888888888,0.11288888888888893,0.61373705,0.003504377,6079
15.001281204209805,0.004574209,0.0039917235,0.0,0.14893617021276595,26.659574468085108,1229915,5011.798328638077,0.851063829787234,0.10663829787234046,0.608938,0.0039917235,6126
15.277441497185341,0.005821315,0.00399308,0.0,0.14893617021276595,26.382978723404257,1239928,5050.010324239731,0.851063829787234,0.10553191489361706,0.5557856,0.00399308,6173
14.72190158235084,0.0032834942,0.0030543595,0.0,0.16666666666666666,26.166666666666668,1249938,5091.740837812424,0.8333333333333334,0.11152777777777774,0.5362642,0.0030543595,6221
15.421902455491344,0.0026441738,0.0036408124,0.0,0.14893617021276595,26.595744680851062,1259945,5132.270288467407,0.851063829787234,0.1063829787234043,0.5311561,0.0036408124,6268
14.82638292145387,0.003958895,0.003597081,0.0,0.14893617021276595,25.4468085106383,1269952,5171.683644294739,0.851063829787234,0.10178723404255323,0.56040335,0.003597081,6315
16.53414739022603,0.0022470946,0.003341906,0.0,0.09090909090909091,29.068181818181817,1279956,5214.187644958496,0.9090909090909091,0.11627272727272729,0.53732574,0.003341906,6359
18.326939246776313,0.0029205624,0.0033490174,0.0,0.024390243902439025,31.51219512195122,1289959,5251.403093576431,0.975609756097561,0.12604878048780488,0.5535187,0.0033490174,6400
15.434430273626615,0.0019095939,0.002494748,0.0,0.09090909090909091,26.863636363636363,1299969,5290.693069934845,0.9090909090909091,0.11061038961038962,0.55332285,0.002494748,6444
15.415862159454838,0.0014907594,0.0026826262,0.0,0.1111111111111111,27.355555555555554,1309974,5335.11977314949,0.8888888888888888,0.10942222222222227,0.5408216,0.0026826262,6489
16.3284990316491,0.0031658628,0.0034255462,0.0,0.09090909090909091,28.09090909090909,1319986,5374.049035787582,0.9090909090909091,0.11551948051948054,0.5690524,0.0034255462,6533
14.00922864415592,0.003605751,0.0041602585,0.0,0.1875,24.541666666666668,1329755,5418.101820707321,0.8125,0.10178787878787882,0.56146294,0.0041602585,6581
16.829775399775098,0.0022752183,0.004036595,0.0,0.047619047619047616,29.69047619047619,1339769,5462.454815149307,0.9523809523809523,0.12397069597069599,0.56366175,0.004036595,6623
16.11099807844996,0.0029802108,0.004122046,0.0,0.06976744186046512,28.348837209302324,1349772,5500.312789678574,0.9302325581395349,0.11339534883720931,0.586181,0.004122046,6666
14.73434965350321,0.0033288577,0.0029832672,0.0,0.16666666666666666,26.020833333333332,1359786,5536.6768209934235,0.8333333333333334,0.10408333333333336,0.5812966,0.0029832672,6714
15.633955092140091,0.004041056,0.0037499429,0.0,0.09090909090909091,27.545454545454547,1369792,5577.64891576767,0.9090909090909091,0.1101818181818182,0.5573753,0.0037499429,6758
17.46347614647509,0.004281508,0.0042926283,0.0,0.024390243902439025,30.70731707317073,1379793,5618.255133867264,0.975609756097561,0.12282926829268297,0.59920275,0.0042926283,6799
15.710035736246155,0.0020534105,0.0030892529,0.0,0.13043478260869565,27.804347826086957,1389799,5658.529588937759,0.8695652173913043,0.11121739130434784,0.61836964,0.0030892529,6845
17.57670357567107,0.0022543443,0.003479314,0.0,0.047619047619047616,30.952380952380953,1399801,5696.328134536743,0.9523809523809523,0.12380952380952384,0.62670904,0.003479314,6887
16.347952597054395,0.002229084,0.0029253708,0.0,0.13043478260869565,28.065217391304348,1409809,5737.721430301666,0.8695652173913043,0.1122608695652174,0.6413971,0.0029253708,6933
16.6849659507116,0.0058508515,0.0043002777,0.0,0.1111111111111111,29.555555555555557,1419816,5780.802398920059,0.8888888888888888,0.11822222222222223,0.6635748,0.0043002777,6978
15.126950283233322,0.0025149724,0.0033586365,0.0,0.2,26.5,1429872,5818.74610376358,0.8,0.10968432432432434,0.6485315,0.0033586365,7028
15.609780303851743,0.0023499862,0.0035406493,0.0,0.16666666666666666,27.3125,1439886,5855.866805315018,0.8333333333333334,0.10925000000000001,0.65753126,0.0035406493,7076
15.175746602627548,0.0032271766,0.0033296403,0.0,0.2,26.84,1449910,5898.455620765686,0.8,0.1154051282051282,0.6177673,0.0033296403,7126
17.10098169792312,0.0030777152,0.0027160568,0.0,0.1111111111111111,29.711111111111112,1459921,5938.098353147507,0.8888888888888888,0.11884444444444446,0.5948818,0.0027160568,7171
12.104325231124646,0.004095773,0.0036790802,0.0,0.3220338983050847,20.983050847457626,1469948,5978.78794670105,0.6779661016949152,0.08393220338983051,0.5588968,0.0036790802,7230
16.09365249869537,0.0026136788,0.003131778,0.0,0.16666666666666666,27.875,1479958,6020.152836799622,0.8333333333333334,0.1115,0.5395296,0.003131778,7278
17.46541663127184,0.003070467,0.0039433343,0.0,0.047619047619047616,30.333333333333332,1489960,6060.7703769207,0.9523809523809523,0.12133333333333333,0.53777796,0.0039433343,7320
17.17660917456932,0.0043952772,0.004370566,0.0,0.06976744186046512,30.209302325581394,1499965,6099.9272837638855,0.9302325581395349,0.12083720930232561,0.5521851,0.004370566,7363
17.801699514597363,0.0026931954,0.0030171464,0.0,0.13043478260869565,31.02173913043478,1509993,6141.781270265579,0.8695652173913043,0.13148654244306418,0.55440164,0.0030171464,7409
18.74915189396136,0.0029565596,0.0042897277,0.0,0.09090909090909091,32.22727272727273,1519997,6180.802415370941,0.9090909090909091,0.1289090909090909,0.57696587,0.0042897277,7453
15.634926908166381,0.0131113585,0.0021897294,0.0,0.15217391304347827,27.456521739130434,1529766,6221.706918478012,0.8478260869565217,0.10982608695652173,0.552706,0.0021897294,7499
15.81495951084969,0.001961229,0.0031282748,0.0,0.14893617021276595,27.74468085106383,1539775,6264.448103189468,0.851063829787234,0.11097872340425534,0.5269768,0.0031282748,7546
16.81399546730625,0.0051514106,0.0053218827,0.0,0.1111111111111111,29.466666666666665,1549790,6300.010486602783,0.8888888888888888,0.12366060606060605,0.5420205,0.0053218827,7591
17.74591503814727,0.002756919,0.0038485248,0.0,0.1111111111111111,30.466666666666665,1559795,6341.629036188126,0.8888888888888888,0.12186666666666665,0.55580556,0.0038485248,7636
16.06668428796373,0.0019421413,0.003644405,0.0,0.13043478260869565,28.17391304347826,1569825,6385.254960775375,0.8695652173913043,0.1135538752362949,0.55971223,0.003644405,7682
16.89316751621101,0.0029875087,0.003961574,0.0,0.06976744186046512,29.41860465116279,1579846,6426.470830917358,0.9302325581395349,0.11880538555691558,0.5478843,0.003961574,7725
15.752654451812509,0.0029533843,0.004731697,0.0,0.16666666666666666,27.604166666666668,1589892,6464.474240541458,0.8333333333333334,0.11433333333333336,0.548371,0.004731697,7773
16.58845914028254,0.0035898995,0.0037727326,0.0,0.1111111111111111,29.244444444444444,1599913,6502.605433940887,0.8888888888888888,0.11819607843137256,0.52369064,0.0037727326,7818
16.457909317613357,0.0025810655,0.0039785155,0.0,0.06976744186046512,29.069767441860463,1609918,6538.496701478958,0.9302325581395349,0.12393798449612403,0.5286677,0.0039785155,7861
16.468063446601395,0.0029323131,0.0033930347,0.0,0.13043478260869565,29.282608695652176,1619938,6581.233749389648,0.8695652173913043,0.11985507246376813,0.5080971,0.0033930347,7907
16.107574241775556,0.0046835383,0.004512799,0.0,0.14893617021276595,27.851063829787233,1629947,6620.156923532486,0.851063829787234,0.11140425531914896,0.5467033,0.004512799,7954
16.74800589827134,0.0028268676,0.0035710286,0.0,0.09090909090909091,29.818181818181817,1639951,6661.015743732452,0.9090909090909091,0.11927272727272728,0.51997036,0.0035710286,7998
15.93405961289247,0.0031752107,0.004345363,0.0,0.14893617021276595,27.97872340425532,1649960,6700.747795820236,0.851063829787234,0.11191489361702127,0.4857604,0.004345363,8045
19.63450336076889,0.0035107483,0.0040105623,0.0,0.024390243902439025,33.951219512195124,1659961,6742.538151264191,0.975609756097561,0.1358048780487805,0.5132416,0.0040105623,8086
17.37447455753675,0.003213099,0.0046790526,0.0,0.09090909090909091,30.75,1669969,6782.861980676651,0.9090909090909091,0.1274545454545455,0.49633795,0.0046790526,8130
16.92608561962207,0.0031285451,0.0040600807,0.0,0.06976744186046512,29.6046511627907,1679972,6821.901270151138,0.9302325581395349,0.11841860465116283,0.48171747,0.0040600807,8173
17.5216843429003,0.00437406,0.004526883,0.0,0.06976744186046512,30.023255813953487,1689975,6863.80090379715,0.9302325581395349,0.12009302325581399,0.47011334,0.004526883,8216
16.753747135279948,0.0034932904,0.004397303,0.0,0.1111111111111111,29.622222222222224,1699988,6900.72589635849,0.8888888888888888,0.12324938271604938,0.4882106,0.004397303,8261
16.66560598409144,0.003099257,0.003899263,0.0,0.13043478260869565,29.26086956521739,1709996,6940.151191711426,0.8695652173913043,0.1170434782608696,0.4784826,0.003899263,8307
16.665863332835475,0.0033303082,0.004990511,0.0,0.09090909090909091,29.386363636363637,1720000,6980.432078123093,0.9090909090909091,0.11754545454545456,0.4873954,0.004990511,8351
16.481020531852806,0.0020833213,0.0035806359,0.0,0.09302325581395349,28.697674418604652,1729756,7022.462580680847,0.9069767441860465,0.1147906976744186,0.49349672,0.0035806359,8394
17.992539285041012,0.002675089,0.0034058213,0.0,0.06976744186046512,31.441860465116278,1739759,7058.758062362671,0.9302325581395349,0.12576744186046512,0.49033862,0.0034058213,8437
17.119282629275183,0.0029271264,0.0046459944,0.0,0.09090909090909091,29.84090909090909,1749791,7097.898607492447,0.9090909090909091,0.12157416267942588,0.48428428,0.0046459944,8481
17.23987649981987,0.0043525686,0.0063556274,0.0,0.09090909090909091,30.227272727272727,1759795,7139.622696399689,0.9090909090909091,0.1209090909090909,0.4721711,0.0063556274,8525
16.283309839831723,0.0028944495,0.005090245,0.0,0.14893617021276595,28.29787234042553,1769814,7179.844874382019,0.851063829787234,0.1147430441898527,0.46125987,0.005090245,8572
18.008635226770583,0.002898193,0.0035644348,0.0,0.024390243902439025,31.951219512195124,1779815,7221.408638477325,0.975609756097561,0.12780487804878055,0.47477207,0.0035644348,8613
16.268868425337686,0.0041545555,0.004905655,0.0,0.2,28.36,1789843,7259.499705553055,0.8,0.11344000000000001,0.4382942,0.004905655,8663
16.141213051104646,0.00321225,0.00450089,0.0,0.09090909090909091,28.522727272727273,1799847,7297.126515865326,0.9090909090909091,0.11409090909090912,0.43365547,0.00450089,8707
16.96782037424958,0.004614284,0.0058785677,0.0,0.09090909090909091,29.886363636363637,1809859,7341.440988063812,0.9090909090909091,0.11954545454545457,0.4260892,0.0058785677,8751
16.838915729911704,0.0037209217,0.00397385,0.0,0.1111111111111111,29.77777777777778,1819870,7382.998718261719,0.8888888888888888,0.1221968253968254,0.40072244,0.00397385,8796
17.49893551426142,0.004036358,0.0049122865,0.0,0.09090909090909091,30.65909090909091,1829876,7421.799088478088,0.9090909090909091,0.12263636363636365,0.4075441,0.0049122865,8840
18.247029028341665,0.0049021086,0.005556831,0.0,0.06976744186046512,31.325581395348838,1839879,7464.867436408997,0.9302325581395349,0.12530232558139537,0.41007707,0.005556831,8883
16.16559288754351,0.003711525,0.004596667,0.0,0.13043478260869565,28.630434782608695,1849891,7502.563881635666,0.8695652173913043,0.11754037267080747,0.38284686,0.004596667,8929
15.91737841510625,0.0021351753,0.004348108,0.0,0.21568627450980393,27.627450980392158,1859908,7540.6502594947815,0.7843137254901961,0.11050980392156864,0.3803251,0.004348108,8980
16.283227044635957,0.0033476944,0.0048816516,0.0,0.1111111111111111,28.8,1869929,7582.726709604263,0.8888888888888888,0.11763660130718956,0.3830416,0.0048816516,9025
16.460553527930525,0.0033154641,0.004180311,0.0,0.1111111111111111,29.333333333333332,1879942,7622.955901861191,0.8888888888888888,0.11733333333333335,0.40416244,0.004180311,9070
15.062627520245867,0.0039985813,0.004304855,0.0,0.1836734693877551,26.46938775510204,1889973,7666.299499988556,0.8163265306122449,0.11152834467120185,0.38976654,0.004304855,9119
17.728426736476756,0.0038854233,0.0051445602,0.0,0.07142857142857142,31.047619047619047,1899766,7705.034290552139,0.9285714285714286,0.12661788617886177,0.386322,0.0051445602,9161
17.17391573279566,0.003620691,0.0048968066,0.0,0.13043478260869565,29.934782608695652,1909776,7740.126174926758,0.8695652173913043,0.11973913043478261,0.3937838,0.0048968066,9207
16.601723138975608,0.0026042573,0.0034488891,0.0,0.14893617021276595,29.170212765957448,1919785,7779.485000610352,0.851063829787234,0.1166808510638298,0.37518725,0.0034488891,9254
16.195873107450982,0.0039691483,0.0054794345,0.0,0.1111111111111111,28.288888888888888,1929790,7819.195299386978,0.8888888888888888,0.11315555555555559,0.383622,0.0054794345,9299
16.22387214029633,0.0040306947,0.006375625,0.0,0.14893617021276595,28.404255319148938,1939851,7856.568825960159,0.851063829787234,0.11701697829357406,0.38316032,0.006375625,9346
15.98815579581656,0.0060493797,0.0060273367,0.0,0.16666666666666666,28.333333333333332,1949865,7896.350953102112,0.8333333333333334,0.11333333333333333,0.35153085,0.0060273367,9394
16.241663311146926,0.0038538184,0.005877845,0.0,0.09090909090909091,28.34090909090909,1959949,7935.163555860519,0.9090909090909091,0.11601907968574636,0.3414298,0.005877845,9438
17.173452257314825,0.0032540702,0.00560046,0.0,0.09302325581395349,29.837209302325583,1969761,7972.003361940384,0.9069767441860465,0.12205912495072926,0.33754316,0.00560046,9481
15.514284339382298,0.0042355773,0.0062130266,0.0,0.14893617021276595,26.659574468085108,1979790,8012.405390739441,0.851063829787234,0.11202036733951631,0.33115098,0.0062130266,9528
16.678231738837233,0.00447915,0.006898401,0.0,0.1111111111111111,29.355555555555554,1989795,8050.834608793259,0.8888888888888888,0.11742222222222223,0.31802267,0.006898401,9573
17.881791364687686,0.0053440738,0.0065754484,0.0,0.024390243902439025,31.658536585365855,1999796,8091.89564371109,0.975609756097561,0.12663414634146344,0.318843,0.0065754484,9614
18.29825137388142,0.0039594704,0.0047200746,0.0,0.047619047619047616,32.07142857142857,2009802,8131.808395147324,0.9523809523809523,0.132952380952381,0.29633576,0.0047200746,9656
18.282748842625363,0.0038055412,0.0052631637,0.0,0.047619047619047616,31.785714285714285,2019834,8167.781051158905,0.9523809523809523,0.13107583774250442,0.31231284,0.0052631637,9698
16.584533723139593,0.005949192,0.00696245,0.0,0.1111111111111111,29.133333333333333,2029867,8204.495759248734,0.8888888888888888,0.1306563675975441,0.31716433,0.00696245,9743
16.373739210507114,0.005262874,0.0063275425,0.0,0.13043478260869565,28.717391304347824,2039887,8248.511521816254,0.8695652173913043,0.1378840579710145,0.3210955,0.0063275425,9789
16.595768821073765,0.00474871,0.0053973817,0.0,0.13043478260869565,29.108695652173914,2049893,8288.775538444519,0.8695652173913043,0.11643478260869566,0.29954103,0.0053973817,9835
18.343501143215505,0.0047241366,0.0076902984,0.0,0.047619047619047616,32.61904761904762,2059895,8328.615932226181,0.9523809523809523,0.13047619047619047,0.29774597,0.0076902984,9877
17.23232479019852,0.003394703,0.0048530074,0.0,0.06976744186046512,30.046511627906977,2069944,8368.470697879791,0.9302325581395349,0.12380207817911924,0.298111,0.0048530074,9920
18.468237955328227,0.005053016,0.0058218366,0.0,0.047619047619047616,32.73809523809524,2079966,8406.77021074295,0.9523809523809523,0.13509090909090907,0.27911237,0.0058218366,9962
16.561043420462497,0.0042380854,0.006547053,0.0,0.09302325581395349,29.441860465116278,2089798,8445.014152765274,0.9069767441860465,0.12167732739939206,0.27920008,0.006547053,10005
18.347613117251704,0.0046148584,0.00698617,0.0,0.047619047619047616,32.285714285714285,2099800,8483.405541658401,0.9523809523809523,0.12914285714285714,0.28979462,0.00698617,10047
18.65815913382571,0.004354238,0.0073699364,0.0,0.047619047619047616,32.92857142857143,2109856,8523.958572626114,0.9523809523809523,0.13508065790418733,0.27926216,0.0073699364,10089
18.167015732044373,0.004908767,0.006826477,0.0,0.047619047619047616,31.523809523809526,2119870,8566.082247018814,0.9523809523809523,0.12783150183150185,0.2943766,0.006826477,10131
17.063535158776276,0.005755262,0.007417026,0.0,0.13043478260869565,29.956521739130434,2129976,8606.733900547028,0.8695652173913043,0.13103135360424364,0.30637735,0.007417026,10177
17.497257291779984,0.0054856054,0.0057875803,0.0,0.11363636363636363,30.613636363636363,2139791,8643.814369440079,0.8863636363636364,0.14954918165613357,0.32299712,0.0057875803,10221
17.62988778063036,0.0039412733,0.0057208315,0.0,0.1111111111111111,29.955555555555556,2149868,8685.080822229385,0.8888888888888888,0.12826848072562358,0.31977385,0.0057208315,10266
17.225473212454506,0.0049015307,0.006729481,0.0,0.1111111111111111,30.066666666666666,2159947,8721.94233250618,0.8888888888888888,0.12573879142300196,0.32856277,0.006729481,10311
16.114762862273547,0.0040509566,0.0052089537,0.0,0.13043478260869565,28.152173913043477,2169969,8761.85972905159,0.8695652173913043,0.11737595907928389,0.3120563,0.0052089537,10357
17.42579806753631,0.0033211662,0.005886452,0.0,0.09302325581395349,30.25581395348837,2179861,8802.073268651962,0.9069767441860465,0.1349469135515647,0.30261624,0.005886452,10400
16.20333655238039,0.0059241266,0.0072682356,0.0,0.14893617021276595,27.95744680851064,2189906,8838.34209728241,0.851063829787234,0.1261947130883301,0.32260594,0.0072682356,10447
17.484531167876764,0.0051537575,0.0053775576,0.0,0.09090909090909091,30.886363636363637,2199936,8876.039105176926,0.9090909090909091,0.12504713804713805,0.33270147,0.0053775576,10491
16.05603555354851,0.0049314317,0.0061781756,0.0,0.09090909090909091,27.863636363636363,2209964,8913.145067930222,0.9090909090909091,0.1122727272727273,0.3337296,0.0061781756,10535
16.8141286641946,0.005797139,0.005208791,0.0,0.047619047619047616,29.571428571428573,2219968,8953.486829519272,0.9523809523809523,0.11828571428571433,0.3341983,0.005208791,10577
16.050269959227013,0.004453019,0.0059981444,0.0,0.13333333333333333,28.022222222222222,2229784,8993.081409692764,0.8666666666666667,0.12131355793964492,0.35345563,0.0059981444,10622
16.95611679506313,0.0043248995,0.006445987,0.0,0.06976744186046512,29.953488372093023,2239795,9033.41122508049,0.9302325581395349,0.12230490956072351,0.38874716,0.006445987,10665
17.358201578879086,0.0034392823,0.0057993685,0.0,0.047619047619047616,30.928571428571427,2249797,9068.953984975815,0.9523809523809523,0.12371428571428575,0.38497543,0.0057993685,10707
18.314386150890734,0.0048655504,0.0048323357,0.0,0.0,32.25,2259797,9106.38443160057,1.0,0.12900000000000006,0.4210658,0.0048323357,10747
15.748858651082516,0.004434944,0.006465233,0.0,0.1702127659574468,27.340425531914892,2269779,9139.932458877563,0.8297872340425532,0.11358259727844659,0.4150057,0.006465233,10794
16.185348740573993,0.0047819354,0.00561073,0.0,0.047619047619047616,27.904761904761905,2279781,9179.17105460167,0.9523809523809523,0.11161904761904766,0.4103393,0.00561073,10836
15.649509731296884,0.0039121564,0.005711854,0.0,0.1836734693877551,26.979591836734695,2289872,9219.967192411423,0.8163265306122449,0.1151240483654277,0.40464875,0.005711854,10885
15.94093016850908,0.0046737404,0.005930722,0.0,0.14893617021276595,27.95744680851064,2299889,9254.83350777626,0.851063829787234,0.11410874704491726,0.3886099,0.005930722,10932
15.403418968687449,0.0047408836,0.005276413,0.0,0.11363636363636363,26.90909090909091,2309758,9292.138719320297,0.8863636363636364,0.10945059288537551,0.39640784,0.005276413,10976
16.491651037928083,0.0056528277,0.0067987456,0.0,0.1111111111111111,28.22222222222222,2319871,9327.15102982521,0.8888888888888888,0.11964081090063146,0.40271094,0.0067987456,11021
16.24591878560322,0.0052556433,0.0062572733,0.0,0.1111111111111111,28.31111111111111,2329952,9362.706283330917,0.8888888888888888,0.12141994301994308,0.40249628,0.0062572733,11066
16.028237209829335,0.0037505357,0.0056185927,0.0,0.1702127659574468,27.893617021276597,2339808,9401.537603378296,0.8297872340425532,0.12810558652861534,0.40169147,0.0056185927,11113
17.071191104238622,0.0040045013,0.004338377,0.0,0.09090909090909091,29.522727272727273,2349812,9439.172981262207,0.9090909090909091,0.16336363636363635,0.37939453,0.004338377,11157
15.075075360353251,0.0045117005,0.00642668,0.0,0.1836734693877551,25.877551020408163,2359995,9476.135627508163,0.8163265306122449,0.11050553988533084,0.3848081,0.00642668,11206
17.040561075450807,0.00423919,0.0054396424,0.0,0.13333333333333333,29.933333333333334,2369761,9514.382826805115,0.8666666666666667,0.11973333333333334,0.3838656,0.0054396424,11251
15.585970351881043,0.0036082775,0.0050600558,0.0,0.09090909090909091,27.772727272727273,2379803,9550.212935686111,0.9090909090909091,0.11423095823095827,0.38761804,0.0050600558,11295
15.85093579258159,0.003425449,0.004376434,0.0,0.1111111111111111,27.68888888888889,2389826,9589.7973985672,0.8888888888888888,0.11197385620915035,0.3849215,0.004376434,11340
14.690357750059178,0.0041490025,0.0055136657,0.0,0.14893617021276595,25.46808510638298,2399835,9628.711611270905,0.851063829787234,0.10187234042553196,0.38722128,0.0055136657,11387
17.424698719717895,0.005124013,0.005935608,0.0,0.09090909090909091,30.613636363636363,2409849,9661.098119020462,0.9090909090909091,0.1224545454545455,0.38452145,0.005935608,11431
15.883319174425424,0.0025323445,0.0049848906,0.0,0.14893617021276595,27.680851063829788,2419948,9701.803119421005,0.851063829787234,0.11641372289524586,0.3841093,0.0049848906,11478
15.760880556697147,0.0030427026,0.0048274947,0.0,0.09090909090909091,27.636363636363637,2429954,9737.444869756699,0.9090909090909091,0.11803030303030303,0.39137572,0.0048274947,11522
14.521433236271708,0.0051691653,0.0056819487,0.0,0.2,25.44,2439964,9777.353504180908,0.8,0.12168000000000001,0.38368246,0.0056819487,11572
16.621419048942066,0.003282111,0.005182759,0.0,0.06976744186046512,29.162790697674417,2449969,9816.354938745499,0.9302325581395349,0.11665116279069768,0.38627705,0.005182759,11615
17.37695120811079,0.0034025374,0.004961734,0.0,0.024390243902439025,30.26829268292683,2459970,9850.88308095932,0.975609756097561,0.12107317073170736,0.38801602,0.004961734,11656
16.108421825056933,0.003583188,0.005466142,0.0,0.09090909090909091,28.431818181818183,2469976,9889.329579591751,0.9090909090909091,0.13636363636363638,0.38000387,0.005466142,11700
19.054633097537504,0.0040406464,0.0049061873,0.0,0.047619047619047616,33.142857142857146,2479988,9926.431441783905,0.9523809523809523,0.13464069264069267,0.39344415,0.0049061873,11742
16.284985900757935,0.002993755,0.0039497395,0.0,0.16666666666666666,28.020833333333332,2489998,9961.646293640137,0.8333333333333334,0.11208333333333335,0.4182278,0.0039497395,11790
17.647269845656204,0.0047553214,0.0059114946,0.0,0.09302325581395349,30.790697674418606,2499880,10001.046611785889,0.9069767441860465,0.12499513250405629,0.42500728,0.0059114946,11833
17.74645251095519,0.0037972068,0.0054160524,0.0,0.11363636363636363,30.568181818181817,2509891,10039.155966997147,0.8863636363636364,0.12735512430529938,0.44139227,0.0054160524,11877
15.10613432272597,0.0040519335,0.0054995823,0.0,0.1836734693877551,26.081632653061224,2519940,10074.191604614258,0.8163265306122449,0.11067055393586009,0.4018869,0.0054995823,11926
15.880760478134809,0.003963853,0.005944997,0.0,0.13043478260869565,27.434782608695652,2530000,10112.749834299088,0.8695652173913043,0.11846391637940623,0.3725015,0.005944997,11972
15.610611127024875,0.00415654,0.005205861,0.0,0.11363636363636363,27.272727272727273,2539785,10148.100970745087,0.8863636363636364,0.11230205278592377,0.38400266,0.005205861,12016
15.778686019949424,0.0031420635,0.005242105,0.0,0.14893617021276595,27.72340425531915,2549800,10184.859385251999,0.851063829787234,0.11317257683215133,0.39176625,0.005242105,12063
18.008990026646746,0.00445362,0.005710881,0.0,0.09090909090909091,31.045454545454547,2559854,10221.09403681755,0.9090909090909091,0.1281165501165501,0.40622026,0.005710881,12107
16.238339407991127,0.0050412575,0.0073720617,0.0,0.13043478260869565,27.956521739130434,2569898,10254.254384279251,0.8695652173913043,0.11730901812520851,0.39190578,0.0073720617,12153
18.002772358319227,0.003696177,0.004474109,0.0,0.09090909090909091,31.386363636363637,2579930,10293.583541154861,0.9090909090909091,0.12704713804713808,0.39382932,0.004474109,12197
16.38998095955889,0.0029071178,0.0045011486,0.0,0.13333333333333333,28.711111111111112,2589774,10327.515864610672,0.8666666666666667,0.12933498247783962,0.41504195,0.0045011486,12242
16.483806228055364,0.003761689,0.005793117,0.0,0.13043478260869565,28.5,2599924,10364.038564443588,0.8695652173913043,0.12108387890996586,0.4212805,0.005793117,12288
17.317709420779423,0.0044202562,0.0062477165,0.0,0.13333333333333333,29.57777777777778,2609978,10402.35578751564,0.8666666666666667,0.13344993231054653,0.42657822,0.0062477165,12333
18.452834714547706,0.0033716331,0.0048603592,0.0,0.07142857142857142,31.714285714285715,2619833,10440.429020404816,0.9285714285714286,0.12943966712898755,0.42812768,0.0048603592,12375
15.240686379973214,0.005765305,0.0055950014,0.0,0.1836734693877551,26.591836734693878,2629862,10479.05524969101,0.8163265306122449,0.10860504201680676,0.39674357,0.0055950014,12424
16.557111132282536,0.0054442408,0.007146527,0.0,0.06976744186046512,28.72093023255814,2639939,10515.207424879074,0.9302325581395349,0.14425573059931648,0.40686134,0.007146527,12467
15.018252526090466,0.0044063814,0.006140501,0.0,0.20408163265306123,26.367346938775512,2649833,10554.885123968124,0.7959183673469388,0.13122038481866624,0.40116516,0.006140501,12516
16.879990639598233,0.004201253,0.0057790773,0.0,0.1111111111111111,29.68888888888889,2659846,10590.464625358582,0.8888888888888888,0.12589629629629634,0.38249537,0.0057790773,12561
16.10911940080978,0.0033546067,0.0047715744,0.0,0.06976744186046512,27.953488372093023,2669859,10627.03340601921,0.9302325581395349,0.11383509513742074,0.3837278,0.0047715744,12604
16.68408991173093,0.004181496,0.0050452026,0.0,0.06976744186046512,28.930232558139537,2679870,10664.347845077515,0.9302325581395349,0.14137467700258394,0.40456793,0.0050452026,12647
16.50384571813043,0.0036731644,0.0054542376,0.0,0.14893617021276595,28.70212765957447,2689971,10702.82564330101,0.851063829787234,0.1237783294692136,0.41672036,0.0054542376,12694
16.679461190094727,0.0036190613,0.0046841847,0.0,0.047619047619047616,29.333333333333332,2699973,10739.460412979126,0.9523809523809523,0.11733333333333336,0.42967588,0.0046841847,12736
17.45958856087029,0.0033404315,0.0050566955,0.0,0.09090909090909091,30.681818181818183,2709977,10774.67366862297,0.9090909090909091,0.12272727272727274,0.42126372,0.0050566955,12780
17.646479226328374,0.003513304,0.0043752077,0.0,0.047619047619047616,30.571428571428573,2719979,10810.31411075592,0.9523809523809523,0.12228571428571429,0.42721564,0.0043752077,12822
16.298719060338573,0.0034543618,0.0050662756,0.0,0.07142857142857142,28.5,2729756,10847.322812318802,0.9285714285714286,0.12319191919191921,0.4428746,0.0050662756,12864
15.373968871589277,0.005107154,0.005119414,0.0,0.13043478260869565,26.804347826086957,2739794,10885.08014345169,0.8695652173913043,0.10967461430575032,0.43287572,0.005119414,12910
15.641771189453536,0.0045050764,0.0054494976,0.0,0.1111111111111111,27.355555555555554,2749799,10918.69688630104,0.8888888888888888,0.10942222222222223,0.4338523,0.0054494976,12955
17.137271584967543,0.0038213497,0.0056167236,0.0,0.1111111111111111,29.933333333333334,2759804,10958.106368780136,0.8888888888888888,0.1418666666666666,0.43321317,0.0056167236,13000
16.076429350638254,0.0024500196,0.0039898986,0.0,0.1111111111111111,28.355555555555554,2769809,10993.304751634598,0.8888888888888888,0.11342222222222226,0.44105655,0.0039898986,13045
16.75370136748605,0.0029136054,0.005365088,0.0,0.047619047619047616,29.666666666666668,2779811,11030.568647384644,0.9523809523809523,0.11866666666666667,0.4385262,0.005365088,13087
15.645551622656802,0.0057404954,0.006038275,0.0,0.16666666666666666,27.020833333333332,2789865,11072.121927976608,0.8333333333333334,0.10952304964539006,0.47672817,0.006038275,13135
16.74199297889831,0.0037883122,0.004987034,0.0,0.13043478260869565,29.282608695652176,2799977,11108.204483747482,0.8695652173913043,0.12353329132535185,0.47701958,0.004987034,13181
15.490206175235102,0.0041656955,0.0059403502,0.0,0.1875,27.208333333333332,2809752,11145.756045103073,0.8125,0.11595512820512817,0.48995966,0.0059403502,13229
15.028645621013592,0.003980047,0.004737187,0.0,0.1836734693877551,26.306122448979593,2819857,11181.85243678093,0.8163265306122449,0.11111467801483563,0.50666213,0.004737187,13278
14.795200402907204,0.0045367205,0.0062424797,0.0,0.1836734693877551,26.346938775510203,2829886,11218.041939258575,0.8163265306122449,0.13016520894071915,0.50320137,0.0062424797,13327
16.36230766411687,0.004643586,0.005681958,0.0,0.20408163265306123,28.367346938775512,2839836,11255.242178440094,0.7959183673469388,0.1314965865187521,0.51907045,0.005681958,13376
15.043430902464722,0.0035631997,0.0048767333,0.0,0.2,25.98,2849948,11294.367967367172,0.8,0.11580739628657791,0.52436435,0.0048767333,13426
15.175162835711358,0.0046809213,0.006114703,0.0,0.25,26.576923076923077,2859943,11328.073990106583,0.75,0.11319201350766338,0.5388487,0.006114703,13478
15.146354520773086,0.0042228666,0.00576148,0.0,0.25,26.26923076923077,2869864,11365.118541955948,0.75,0.13029943152724013,0.5627159,0.00576148,13530
16.450730744780213,0.004898787,0.0051065856,0.0,0.16666666666666666,28.75,2879906,11400.106352806091,0.8333333333333334,0.12582478632478633,0.54806805,0.0051065856,13578
17.533503227952185,0.0043332707,0.0046860953,0.0,0.09090909090909091,30.84090909090909,2889968,11436.011913061142,0.9090909090909091,0.12980352980352983,0.57608235,0.0046860953,13622
15.89294297509106,0.0044345353,0.0050995024,0.0,0.15217391304347827,27.543478260869566,2899899,11479.777859687805,0.8478260869565217,0.1183795121073004,0.5597223,0.0050995024,13668
17.618089916956315,0.0037454097,0.004671399,0.0,0.1111111111111111,30.755555555555556,2909930,11515.597218990326,0.8888888888888888,0.1247768115942029,0.565227,0.004671399,13713
16.874186259177183,0.0036444115,0.0045051645,0.0,0.1111111111111111,28.933333333333334,2919937,11552.446123600006,0.8888888888888888,0.12305185185185186,0.5627769,0.0045051645,13758
17.04281421913468,0.0048930487,0.0043867156,0.0,0.09302325581395349,29.906976744186046,2929789,11587.270130872726,0.9069767441860465,0.1489710279028643,0.56489086,0.0043867156,13801
15.140819285366478,0.0040889936,0.004568968,0.0,0.1836734693877551,26.081632653061224,2939826,11621.323539733887,0.8163265306122449,0.10557072484166082,0.5544525,0.004568968,13850
17.232578335363815,0.003054172,0.004306051,0.0,0.1111111111111111,29.444444444444443,2949901,11659.599368333817,0.8888888888888888,0.12080901771336557,0.56029177,0.004306051,13895
16.848753170306892,0.00356436,0.00435479,0.0,0.1836734693877551,29.26530612244898,2959976,11700.514311552048,0.8163265306122449,0.14704786529996616,0.5660373,0.00435479,13944
15.821320646195343,0.004090804,0.004080278,0.0,0.13043478260869565,27.5,2969982,11737.113984823227,0.8695652173913043,0.13165217391304349,0.5640174,0.004080278,13990
15.413837842561774,0.0032554618,0.0038220673,0.0,0.1875,26.520833333333332,2979975,11774.291231632233,0.8125,0.11290464693402746,0.5466621,0.0038220673,14038
16.035984020372545,0.003620732,0.0038351808,0.0,0.16666666666666666,28.270833333333332,2989985,11810.368096351624,0.8333333333333334,0.11308333333333337,0.57844096,0.0038351808,14086
14.355375758382724,0.004360443,0.0055947755,0.0,0.23529411764705882,24.80392156862745,2999965,11846.119069337845,0.7647058823529411,0.11692386045327222,0.5464172,0.0055947755,14137
17.366927122930978,0.006160901,0.0053701396,0.0,0.1111111111111111,30.57777777777778,3009972,11889.306063890457,0.8888888888888888,0.12231111111111116,0.52167046,0.0053701396,14182
15.310658534966397,0.005084359,0.00506411,0.0,0.1836734693877551,26.306122448979593,3019993,11922.442945957184,0.8163265306122449,0.10805830903790088,0.52448684,0.00506411,14231
15.993944221977571,0.0038584475,0.003919011,0.0,0.13043478260869565,28.108695652173914,3029999,11958.54961681366,0.8695652173913043,0.11243478260869565,0.541432,0.003919011,14277
15.460778843862824,0.0039389734,0.0039714845,0.0,0.09302325581395349,27.58139534883721,3039753,11997.386422634125,0.9069767441860465,0.11032558139534887,0.574676,0.0039714845,14320
16.052986445658586,0.0036515244,0.004509407,0.0,0.13043478260869565,28.565217391304348,3049771,12031.898820400238,0.8695652173913043,0.1233096179183136,0.5633873,0.004509407,14366
15.510116585146255,0.004633185,0.005912605,0.0,0.14893617021276595,27.04255319148936,3059826,12072.771889448166,0.851063829787234,0.11843637762374895,0.5404641,0.005912605,14413
15.87441256664458,0.0028707944,0.004670431,0.0,0.2,27.82,3069996,12113.054094791412,0.8,0.13914750246456647,0.5312218,0.004670431,14463
15.830897130029156,0.0031218894,0.0039927596,0.0,0.1702127659574468,27.893617021276597,3079784,12146.173279047012,0.8297872340425532,0.11956046790089345,0.5456261,0.0039927596,14510
14.551239113580179,0.0033183517,0.0048407014,0.0,0.23076923076923078,25.576923076923077,3089928,12185.41887974739,0.7692307692307693,0.1120071069964763,0.53908426,0.0048407014,14562
16.53452283197232,0.0034489722,0.0037982876,0.0,0.1875,28.541666666666668,3099785,12221.191069841385,0.8125,0.1447824979477522,0.5300905,0.0037982876,14610
16.49536978140392,0.0057153795,0.004135321,0.0,0.1111111111111111,28.822222222222223,3109840,12255.814321279526,0.8888888888888888,0.12032941176470592,0.54011154,0.004135321,14655
17.454677826401593,0.0035975254,0.0041969283,0.0,0.09090909090909091,30.65909090909091,3119848,12298.45255947113,0.9090909090909091,0.12263636363636365,0.57182956,0.0041969283,14699
15.508630756124814,0.008774225,0.004383724,0.0,0.2909090909090909,27.4,3129754,12334.284152269363,0.7090909090909091,0.11759345735155655,0.53682595,0.004383724,14754
16.012030775950926,0.0024968295,0.004561859,0.0,0.16666666666666666,28.333333333333332,3139806,12370.359865665436,0.8333333333333334,0.11662318840579712,0.5287381,0.004561859,14802
16.94932054242887,0.0027857823,0.0040007597,0.0,0.13043478260869565,29.630434782608695,3149822,12412.842809200287,0.8695652173913043,0.12317874396135266,0.53778136,0.0040007597,14848
17.150949915352296,0.0022216663,0.0040386217,0.0,0.14893617021276595,29.914893617021278,3159887,12445.2945895195,0.851063829787234,0.12720623000973444,0.52745473,0.0040386217,14895
18.135686871440146,0.003852999,0.0041961796,0.0,0.06976744186046512,32.25581395348837,3169942,12482.98278594017,0.9302325581395349,0.13337893296853623,0.5269499,0.0041961796,14938
17.934115460563582,0.004243529,0.004636761,0.0,0.047619047619047616,31.476190476190474,3179944,12522.838546991348,0.9523809523809523,0.12590476190476194,0.5478296,0.004636761,14980
15.299678725398117,0.00425464,0.0034766968,0.0,0.22,26.9,3189759,12556.717859506607,0.78,0.11362747474747475,0.5403552,0.0034766968,15030
17.462133598867105,0.0052209124,0.005900946,0.0,0.1111111111111111,30.711111111111112,3199834,12599.275287628174,0.8888888888888888,0.12508544600938967,0.5292693,0.005900946,15075
16.358825245081793,0.008211602,0.0049803313,0.0,0.21568627450980393,28.274509803921568,3209969,12636.100820064545,0.7843137254901961,0.12717763781987504,0.5264089,0.0049803313,15126
15.932286105552155,0.0035373406,0.0045259856,0.0,0.23529411764705882,27.764705882352942,3219809,12670.007499933243,0.7647058823529411,0.1236390208257216,0.5363183,0.0045259856,15177
17.745275518625505,0.004106202,0.005533568,0.0,0.13043478260869565,30.891304347826086,3229973,12713.441012859344,0.8695652173913043,0.1424456746469438,0.5409539,0.005533568,15223
13.870666518388864,0.0051747328,0.004856192,0.0,0.32142857142857145,23.446428571428573,3239787,12748.691605329514,0.6785714285714286,0.1265157717747287,0.49844652,0.004856192,15279
16.260990652553534,0.003871349,0.004003183,0.0,0.1111111111111111,28.333333333333332,3249912,12784.242818832397,0.8888888888888888,0.12344685753089117,0.5117988,0.004003183,15324
15.251469753475604,0.0032961858,0.003981251,0.0,0.20408163265306123,26.53061224489796,3259780,12825.59904718399,0.7959183673469388,0.11984316345886323,0.5130823,0.003981251,15373
17.56650457172804,0.0029122718,0.004134491,0.0,0.06976744186046512,30.72093023255814,3269797,12860.12857723236,0.9302325581395349,0.12579844961240313,0.50961536,0.004134491,15416
15.696417607939779,0.005174595,0.0047361664,0.0,0.2,27.82,3279889,12901.621644735336,0.8,0.12290239444765763,0.5028375,0.0047361664,15466
17.735094976523428,0.0028942707,0.003831018,0.0,0.13333333333333333,30.666666666666668,3289757,12940.98435664177,0.8666666666666667,0.1311046988380322,0.49723482,0.003831018,15511
17.701753528668643,0.0029706894,0.004991914,0.0,0.13043478260869565,30.565217391304348,3299805,12974.466674089432,0.8695652173913043,0.1291164868693473,0.5156957,0.004991914,15557
18.17660092800024,0.0049168603,0.0049832594,0.0,0.09090909090909091,32.18181818181818,3309881,13015.04702758789,0.9090909090909091,0.13712953712953715,0.5036738,0.0049832594,15601
14.499018789156668,0.0050763497,0.006041813,0.0,0.1836734693877551,25.551020408163264,3319918,13050.493219614029,0.8163265306122449,0.10745493725440489,0.47859722,0.006041813,15650
17.979764984884188,0.0044955243,0.0053925146,0.0,0.09090909090909091,31.272727272727273,3329932,13088.15557050705,0.9090909090909091,0.12706611570247933,0.49981695,0.0053925146,15694
16.69527780224759,0.0029581112,0.0042723343,0.0,0.2,29.2,3339988,13130.924480438232,0.8,0.12211852579852579,0.5024202,0.0042723343,15744
19.60825489192439,0.003876614,0.0042217653,0.0,0.047619047619047616,34.214285714285715,3349998,13164.446415424347,0.9523809523809523,0.14195767195767198,0.50063074,0.0042217653,15786
15.43068304467286,0.004150934,0.0049526505,0.0,0.1702127659574468,26.78723404255319,3359778,13201.72559094429,0.8297872340425532,0.11084719535783367,0.49723253,0.0049526505,15833
15.97967720347741,0.0058141863,0.005557059,0.0,0.16666666666666666,28.083333333333332,3369790,13240.457995176315,0.8333333333333334,0.11233333333333333,0.44641107,0.005557059,15881
17.497710132645384,0.004433211,0.0056190123,0.0,0.1111111111111111,31.22222222222222,3379825,13274.477895498276,0.8888888888888888,0.1282127946127946,0.43206796,0.0056190123,15926
17.73263209852817,0.0043097334,0.0047846423,0.0,0.1111111111111111,31.066666666666666,3389852,13315.67159819603,0.8888888888888888,0.13720645773979107,0.475495,0.0047846423,15971
16.92375876204369,0.005015611,0.0050453385,0.0,0.13043478260869565,29.0,3399894,13353.163449287415,0.8695652173913043,0.14065569917743834,0.4517387,0.0050453385,16017
14.061192888275919,0.0036962726,0.0051657404,0.0,0.2641509433962264,24.41509433962264,3409902,13386.412885189056,0.7358490566037735,0.11319464602483473,0.45918462,0.0051657404,16070
15.651255480221481,0.0034851478,0.004835103,0.0,0.16666666666666666,27.354166666666668,3419990,13425.633018493652,0.8333333333333334,0.11617397660818717,0.464007,0.004835103,16118
15.139725259278878,0.0046201595,0.0050832727,0.0,0.20408163265306123,26.102040816326532,3429926,13463.364633083344,0.7959183673469388,0.1345860350829295,0.49179155,0.0050832727,16167
16.524176061827006,0.004996318,0.0057654083,0.0,0.22,28.56,3439891,13501.903490066528,0.78,0.1233558631323015,0.4721679,0.0057654083,16217
17.038419183843843,0.0035583053,0.0058754496,0.0,0.13043478260869565,29.543478260869566,3449919,13540.786933898926,0.8695652173913043,0.12007039337474121,0.47912347,0.0058754496,16263
17.076679435055414,0.004777673,0.0046037226,0.0,0.13333333333333333,29.8,3459829,13575.050012350082,0.8666666666666667,0.12061648745519715,0.4889654,0.0046037226,16308
15.66597889437745,0.0039342255,0.0051239547,0.0,0.21568627450980393,27.529411764705884,3469866,13611.027124643326,0.7843137254901961,0.11325161113396408,0.46028644,0.0051239547,16359
17.51103809805004,0.0032521142,0.005024127,0.0,0.09090909090909091,30.704545454545453,3479892,13650.938687324524,0.9090909090909091,0.13174062301335027,0.46390086,0.005024127,16403
15.55876710033923,0.0030621872,0.00535383,0.0,0.21568627450980393,27.49019607843137,3489953,13689.72133564949,0.7843137254901961,0.1343782730483498,0.45210475,0.00535383,16454
16.393454568956656,0.0029402839,0.0056800446,0.0,0.20408163265306123,28.591836734693878,3499953,13728.124144554138,0.7959183673469388,0.12213218893677374,0.43715274,0.0056800446,16503
18.609349435401473,0.004099018,0.0054278,0.0,0.06976744186046512,32.674418604651166,3509956,13765.360853672028,0.9302325581395349,0.13069767441860466,0.44542384,0.0054278,16546
17.380161785860377,0.0042921295,0.0056629973,0.0,0.09090909090909091,30.431818181818183,3519960,13801.221192598343,0.9090909090909091,0.12172727272727274,0.44195282,0.0056629973,16590
16.57839538249993,0.0033284705,0.0053057303,0.0,0.20408163265306123,28.6734693877551,3529924,13839.607425928116,0.7959183673469388,0.12343215994297684,0.450762,0.0053057303,16639
17.598815508950107,0.0031835483,0.0051229447,0.0,0.15217391304347827,30.956521739130434,3539763,13877.763748407364,0.8478260869565217,0.12522577265584078,0.44942892,0.0051229447,16685
18.373531803881722,0.0042261453,0.0050639436,0.0,0.1111111111111111,32.644444444444446,3549806,13913.552013874054,0.8888888888888888,0.13690451770451773,0.41792417,0.0050639436,16730
16.854011581271717,0.003188162,0.0051673953,0.0,0.14893617021276595,29.4468085106383,3559829,13951.360463380814,0.851063829787234,0.14247809762202754,0.4236448,0.0051673953,16777
17.47925462539217,0.0039694295,0.006273272,0.0,0.14893617021276595,30.25531914893617,3569838,13989.376275777817,0.851063829787234,0.1210212765957447,0.43894777,0.006273272,16824
18.98745631761414,0.003744016,0.0050516357,0.0,0.06976744186046512,33.093023255813954,3579855,14024.462637901306,0.9302325581395349,0.14058324104835734,0.42769223,0.0050516357,16867
19.717230887856903,0.004667851,0.004214197,0.0,0.024390243902439025,34.41463414634146,3589864,14062.174886703491,0.975609756097561,0.14810840108401085,0.42956534,0.004214197,16908
18.747519611998754,0.0046099466,0.0048989337,0.0,0.06976744186046512,32.23255813953488,3599901,14101.210510969162,0.9302325581395349,0.13742299661602708,0.45399258,0.0048989337,16951
17.4027722301484,0.003695807,0.0048424997,0.0,0.14893617021276595,30.74468085106383,3609912,14136.715434551239,0.851063829787234,0.1299858156028369,0.45066977,0.0048424997,16998
19.63532500599807,0.0043116407,0.0046559996,0.0,0.047619047619047616,34.166666666666664,3619914,14174.271931648254,0.9523809523809523,0.13666666666666666,0.4526646,0.0046559996,17040
18.92429407555173,0.003543377,0.0044583236,0.0,0.06976744186046512,33.25581395348837,3629923,14210.13270688057,0.9302325581395349,0.13625249169435216,0.4787928,0.0044583236,17083
17.797637897167178,0.004144622,0.0050386214,0.0,0.1702127659574468,31.02127659574468,3639771,14247.095889806747,0.8297872340425532,0.132564674096589,0.47339937,0.0050386214,17130
17.179912777446823,0.004706757,0.0049182284,0.0,0.14893617021276595,30.25531914893617,3649778,14287.505954265594,0.851063829787234,0.12102127659574467,0.46067983,0.0049182284,17177
19.175535491078172,0.004926762,0.0068847565,0.0,0.047619047619047616,33.404761904761905,3659792,14324.976916313171,0.9523809523809523,0.13709157509157505,0.4351167,0.0068847565,17219
18.38749672729564,0.0029317061,0.0046140505,0.0,0.09090909090909091,32.45454545454545,3669796,14361.54957318306,0.9090909090909091,0.12981818181818183,0.42840278,0.0046140505,17263
17.43974253451068,0.004589666,0.0045750765,0.0,0.1111111111111111,30.755555555555556,3679801,14398.41303229332,0.8888888888888888,0.14515555555555557,0.41516396,0.0045750765,17308
16.92472294095126,0.004337706,0.0061496855,0.0,0.16666666666666666,29.958333333333332,3689885,14432.44173836708,0.8333333333333334,0.12226731601731604,0.4119539,0.0061496855,17356
19.673747489708532,0.0039338,0.0049974327,0.0,0.024390243902439025,34.1219512195122,3699886,14470.606722831726,0.975609756097561,0.1364878048780488,0.41607574,0.0049974327,17397
17.479208957508984,0.00544459,0.0063001434,0.0,0.16666666666666666,31.0625,3709918,14511.920727968216,0.8333333333333334,0.1268611111111111,0.4264554,0.0063001434,17445
17.812449958576877,0.0040266914,0.004863469,0.0,0.1111111111111111,31.0,3719963,14548.24916100502,0.8888888888888888,0.12898765432098766,0.39575097,0.004863469,17490
20.307856261998506,0.004057453,0.0061794687,0.0,0.047619047619047616,35.69047619047619,3729965,14585.022512674332,0.9523809523809523,0.14276190476190478,0.405139,0.0061794687,17532
17.335058207741117,0.005861242,0.006238777,0.0,0.16666666666666666,30.25,3739973,14619.795856952667,0.8333333333333334,0.14175000000000001,0.40025428,0.006238777,17580
20.281300196393982,0.003932878,0.0057723112,0.0,0.024390243902439025,35.5609756097561,3749974,14655.618302345276,0.975609756097561,0.14224390243902438,0.41106886,0.0057723112,17621
19.725093692987258,0.004225092,0.004835269,0.0,0.07142857142857142,34.523809523809526,3759755,14695.843495845795,0.9285714285714286,0.14374746821805645,0.42406875,0.004835269,17663
18.38358974569871,0.0033395428,0.0050287843,0.0,0.13043478260869565,32.19565217391305,3769777,14732.13019156456,0.8695652173913043,0.1589565217391304,0.41772452,0.0050287843,17709
19.536739846685865,0.0035402284,0.0051480406,0.0,0.09090909090909091,33.97727272727273,3779801,14767.512281179428,0.9090909090909091,0.14649350649350654,0.40527633,0.0051480406,17753
19.270550857372978,0.002777896,0.0037139843,0.0,0.09090909090909091,34.02272727272727,3789835,14807.746200084686,0.9090909090909091,0.13955485893416927,0.4097138,0.0037139843,17797
17.564387723372096,0.0037256423,0.0055757593,0.0,0.16666666666666666,30.479166666666668,3799881,14842.02897977829,0.8333333333333334,0.12452777777777778,0.40699694,0.0055757593,17845
17.32884862194046,0.003709085,0.005120128,0.0,0.16666666666666666,30.1875,3809921,14881.002626180649,0.8333333333333334,0.131493006993007,0.4063108,0.005120128,17893
19.03115944628253,0.0038053696,0.0045694793,0.0,0.09090909090909091,33.61363636363637,3819935,14919.512399435043,0.9090909090909091,0.1344545454545454,0.39677522,0.0045694793,17937
19.14606966177312,0.0039445586,0.006011474,0.0,0.06976744186046512,33.651162790697676,3829938,14957.020764350891,0.9302325581395349,0.13460465116279072,0.3886423,0.006011474,17980
19.571932321366244,0.004094847,0.0056188856,0.0,0.06976744186046512,33.97674418604651,3839961,14994.890348911285,0.9302325581395349,0.13692137320044295,0.40245444,0.0056188856,18023
15.330195654487035,0.003258272,0.0044497573,0.0,0.23076923076923078,26.903846153846153,3849991,15028.757398605347,0.7692307692307693,0.11243589743589744,0.39321926,0.0044497573,18075
20.596329801149047,0.0043253372,0.0051399306,0.0,0.07142857142857142,35.5,3859762,15064.983163356781,0.9285714285714286,0.14547368421052634,0.37312734,0.0051399306,18117
18.732115840052575,0.0034033118,0.006060483,0.0,0.13043478260869565,32.54347826086956,3869784,15105.186341285706,0.8695652173913043,0.13206324110671935,0.3539113,0.006060483,18163
20.561305287301803,0.004038949,0.0058425,0.0,0.024390243902439025,36.073170731707314,3879785,15142.70206284523,0.975609756097561,0.14429268292682926,0.36962864,0.0058425,18204
18.48238785083036,0.0045363395,0.006942456,0.0,0.1111111111111111,32.22222222222222,3889820,15179.361711502075,0.8888888888888888,0.13445925925925928,0.36249956,0.006942456,18249
17.805959693476133,0.004973917,0.006930821,0.0,0.09090909090909091,31.59090909090909,3899870,15216.296799898148,0.9090909090909091,0.1302034632034632,0.35129872,0.006930821,18293
19.112520724171343,0.004820666,0.0063450737,0.0,0.047619047619047616,33.595238095238095,3909896,15250.996797800064,0.9523809523809523,0.13609523809523813,0.35140964,0.0063450737,18335
19.28923490397909,0.004029978,0.0057728286,0.0,0.047619047619047616,34.5,3919904,15289.250760316849,0.9523809523809523,0.138,0.33722988,0.0057728286,18377
19.216030846645307,0.0041785873,0.0067808046,0.0,0.06976744186046512,33.76744186046512,3929907,15326.566834449768,0.9302325581395349,0.13506976744186047,0.33438206,0.0067808046,18420
18.168063122921055,0.004018782,0.0062108305,0.0,0.1111111111111111,31.555555555555557,3939944,15361.570191860199,0.8888888888888888,0.13934175744371824,0.32268915,0.0062108305,18465
18.96827178012972,0.004295859,0.0060649873,0.0,0.13043478260869565,33.08695652173913,3949962,15400.129291772842,0.8695652173913043,0.1383850931677018,0.33995408,0.0060649873,18511
19.825954755790388,0.0047707055,0.0064670914,0.0,0.047619047619047616,34.785714285714285,3959966,15434.6499710083,0.9523809523809523,0.13914285714285712,0.3194119,0.0064670914,18553
18.272892408370613,0.0052987235,0.0076422943,0.0,0.13333333333333333,31.42222222222222,3969796,15473.188782453537,0.8666666666666667,0.12911325014854425,0.34007293,0.0076422943,18598
18.787200386658824,0.004170289,0.007211627,0.0,0.09090909090909091,33.11363636363637,3979866,15511.2692091465,0.9090909090909091,0.13567217630853995,0.3348201,0.007211627,18642
15.503705532341755,0.0046052034,0.006875185,0.0,0.24528301886792453,27.07547169811321,3989941,15548.381118059158,0.7547169811320755,0.12238262322472848,0.32426837,0.006875185,18695
18.70830401205095,0.0032431146,0.0065121995,0.0,0.09090909090909091,32.86363636363637,3999957,15584.976976394653,0.9090909090909091,0.13311188811188812,0.30179948,0.0065121995,18739
17.842564164517103,0.004723994,0.0074083223,0.0,0.1702127659574468,30.93617021276596,4009853,15622.530044317245,0.8297872340425532,0.13159397348392213,0.2766167,0.0074083223,18786
20.136907175371626,0.0039475784,0.0074103973,0.0,0.06976744186046512,35.06976744186046,4019994,15660.13558125496,0.9302325581395349,0.14885801536964327,0.2716261,0.0074103973,18829
20.169714638999647,0.00340661,0.0064034485,0.0,0.07142857142857142,35.023809523809526,4029773,15698.253267288208,0.9285714285714286,0.1432416225749559,0.27958652,0.0064034485,18871
18.64859773145865,0.0036311608,0.006523615,0.0,0.09090909090909091,32.68181818181818,4039783,15736.286522626877,0.9090909090909091,0.13072727272727272,0.28021762,0.006523615,18915
18.843592137406112,0.0035002648,0.006670058,0.0,0.13043478260869565,32.73913043478261,4049881,15770.87367272377,0.8695652173913043,0.1364383241219193,0.259262,0.006670058,18961
18.573853082726632,0.003934034,0.005974216,0.0,0.1111111111111111,32.77777777777778,4059908,15809.48199391365,0.8888888888888888,0.13198840579710144,0.28101012,0.005974216,19006
18.856088054656393,0.0025022551,0.0062424927,0.0,0.11363636363636363,33.36363636363637,4069757,15845.513784885406,0.8863636363636364,0.1376361826326983,0.2819963,0.0062424927,19050
18.052562520513284,0.005338345,0.007425227,0.0,0.13043478260869565,31.52173913043478,4079805,15884.688527107239,0.8695652173913043,0.12898398169336386,0.26247576,0.007425227,19096
19.06514651709123,0.004237165,0.0062581785,0.0,0.06976744186046512,33.58139534883721,4089834,15921.729508161545,0.9302325581395349,0.13869767441860467,0.24516901,0.0062581785,19139
19.46775799018711,0.0048401216,0.006928755,0.0,0.06976744186046512,33.72093023255814,4099841,15958.350774049759,0.9302325581395349,0.13944186046511628,0.21703956,0.006928755,19182
19.831186025038136,0.003947747,0.007252582,0.0,0.024390243902439025,34.63414634146341,4109842,15999.758841276169,0.975609756097561,0.13853658536585367,0.22602007,0.007252582,19223
18.67384126438093,0.005137663,0.006814685,0.0,0.047619047619047616,33.23809523809524,4119850,16035.05169916153,0.9523809523809523,0.13295238095238093,0.2058698,0.006814685,19265
19.340824735263677,0.004523455,0.0073654954,0.0,0.047619047619047616,34.04761904761905,4129902,16073.38482785225,0.9523809523809523,0.13842016806722693,0.21534583,0.0073654954,19307
19.001526049502438,0.003911055,0.006870603,0.0,0.047619047619047616,33.595238095238095,4139918,16111.574755191803,0.9523809523809523,0.13587301587301587,0.20940205,0.006870603,19349
19.35190379843677,0.0031221646,0.0059116683,0.0,0.047619047619047616,33.785714285714285,4149920,16146.110387086868,0.9523809523809523,0.13514285714285712,0.20355985,0.0059116683,19391
16.94538417146905,0.003489505,0.0072038667,0.0,0.13043478260869565,29.782608695652176,4159948,16182.412215948105,0.8695652173913043,0.11913043478260871,0.18886515,0.0072038667,19437
18.02346935251059,0.0044778585,0.008572889,0.0,0.09090909090909091,31.977272727272727,4169952,16219.009765148163,0.9090909090909091,0.1505454545454545,0.16552204,0.008572889,19481
18.591787732844445,0.0036829056,0.007245275,0.0,0.06976744186046512,32.76744186046512,4179955,16255.574595212936,0.9302325581395349,0.13106976744186044,0.1512471,0.007245275,19524
20.65269802214089,0.0035860199,0.0071542403,0.0,0.024390243902439025,36.146341463414636,4189980,16293.647337913513,0.975609756097561,0.14546341463414636,0.16165909,0.0071542403,19565
18.724467755010206,0.004342617,0.008119281,0.0,0.047619047619047616,32.857142857142854,4199982,16331.645211696625,0.9523809523809523,0.13142857142857145,0.18861987,0.008119281,19607
20.50674132977559,0.0033552623,0.0077956542,0.0,0.025,36.0,4209771,16370.106271266937,0.975,0.1467051282051282,0.1974716,0.0077956542,19647
19.581181527438076,0.0038816163,0.0075645507,0.0,0.024390243902439025,34.68292682926829,4219794,16406.189138650894,0.975609756097561,0.139694591728526,0.18489784,0.0075645507,19688
19.02030876431365,0.0044728713,0.008032603,0.0,0.09090909090909091,33.75,4229798,16440.96502804756,0.9090909090909091,0.13499999999999998,0.17469081,0.008032603,19732
18.447081496857834,0.004649643,0.008011005,0.0,0.06976744186046512,32.27906976744186,4239801,16477.935617685318,0.9302325581395349,0.12911627906976747,0.17514811,0.008011005,19775
18.941248578309054,0.0035750745,0.0074263136,0.0,0.024390243902439025,33.48780487804878,4249802,16515.709697008133,0.975609756097561,0.1339512195121951,0.1813143,0.0074263136,19816
18.620193289809833,0.0030708527,0.007321635,0.0,0.06976744186046512,32.97674418604651,4259805,16553.680538892746,0.9302325581395349,0.13190697674418603,0.19530673,0.007321635,19859
20.420768200206158,0.0043395627,0.0069105737,0.0,0.0,35.65,4269805,16591.21694278717,1.0,0.1426,0.19306222,0.0069105737,19899
20.064328923584167,0.0038846908,0.0068222955,0.0,0.024390243902439025,34.90243902439025,4279806,16626.935091495514,0.975609756097561,0.139609756097561,0.18764655,0.0068222955,19940
18.628982451712123,0.003916143,0.007835281,0.0,0.047619047619047616,32.904761904761905,4289808,16666.78638291359,0.9523809523809523,0.13161904761904766,0.19839625,0.007835281,19982
18.88385299908732,0.0036677113,0.007369834,0.0,0.06976744186046512,32.95348837209303,4299811,16702.156803369522,0.9302325581395349,0.13181395348837208,0.2011204,0.007369834,20025
19.712316862681526,0.0039997217,0.006548526,0.0,0.024390243902439025,34.8780487804878,4309820,16738.87880563736,0.975609756097561,0.1421246612466125,0.1948705,0.006548526,20066
18.161537542221218,0.0057398905,0.009548127,0.0,0.06976744186046512,32.30232558139535,4319835,16776.707971334457,0.9302325581395349,0.13260107334525942,0.17316483,0.009548127,20109
18.941590789834358,0.0037793026,0.0069538695,0.0,0.047619047619047616,33.666666666666664,4329837,16813.205937862396,0.9523809523809523,0.13466666666666668,0.15972142,0.0069538695,20151
19.52907058805406,0.0038723813,0.0065699248,0.0,0.0,34.1,4339837,16850.977558612823,1.0,0.13640000000000002,0.16005184,0.0065699248,20191
19.90377280087587,0.0042453324,0.0073644547,0.0,0.024390243902439025,35.0,4349838,16889.51939201355,0.975609756097561,0.14000000000000004,0.16034885,0.0073644547,20232
18.402886247126663,0.0032881203,0.0069747115,0.0,0.06976744186046512,33.116279069767444,4359875,16925.98533964157,0.9302325581395349,0.13613530655391118,0.17165588,0.0069747115,20275
19.12863896797835,0.0032927615,0.005999946,0.0,0.047619047619047616,33.404761904761905,4369885,16962.159980535507,0.9523809523809523,0.1336190476190476,0.1637491,0.005999946,20317
19.083546965232216,0.0038243644,0.0066111693,0.0,0.047619047619047616,33.19047619047619,4379891,16998.176155805588,0.9523809523809523,0.1420952380952381,0.15926121,0.0066111693,20359
18.95833609780024,0.0036990817,0.0069352402,0.0,0.047619047619047616,33.19047619047619,4389893,17032.94435763359,0.9523809523809523,0.13276190476190478,0.16404018,0.0069352402,20401
18.212157621042213,0.0037774742,0.006112861,0.0,0.09090909090909091,31.886363636363637,4399897,17071.151534557343,0.9090909090909091,0.15018181818181822,0.16161405,0.006112861,20445
17.88588091843705,0.0049228254,0.0077953157,0.0,0.06976744186046512,31.558139534883722,4409906,17107.235776662827,0.9302325581395349,0.13079069767441864,0.14209811,0.0077953157,20488
19.229688125098097,0.0043277415,0.0074834474,0.0,0.047619047619047616,34.357142857142854,4419912,17143.424695968628,0.9523809523809523,0.1420952380952381,0.14594768,0.0074834474,20530
21.010460530348695,0.0037536095,0.0069517912,0.0,0.0,36.85,4429912,17182.609944343567,1.0,0.1474,0.13600144,0.0069517912,20570
20.015088276760586,0.0039515696,0.00750363,0.0,0.047619047619047616,34.857142857142854,4439936,17219.06821990013,0.9523809523809523,0.14130848861283646,0.1518001,0.00750363,20612
18.18603501768289,0.0049010348,0.008843303,0.0,0.13043478260869565,31.282608695652176,4449942,17255.824906110764,0.8695652173913043,0.12513043478260868,0.14478861,0.008843303,20658
19.216197574697166,0.004472514,0.0073498627,0.0,0.06976744186046512,33.674418604651166,4459953,17292.43845653534,0.9302325581395349,0.13469767441860467,0.16034926,0.0073498627,20701
19.98938015269038,0.0049775154,0.00718425,0.0,0.024390243902439025,34.75609756097561,4469954,17327.98622775078,0.975609756097561,0.13902439024390245,0.14221735,0.00718425,20742
19.770782860132186,0.0045625465,0.007989566,0.0,0.04878048780487805,34.68292682926829,4479758,17368.486030578613,0.9512195121951219,0.1462675147576992,0.1427465,0.007989566,20783
19.613181807549555,0.004445706,0.008210584,0.0,0.024390243902439025,34.65853658536585,4489759,17406.242752552032,0.975609756097561,0.13863414634146343,0.14789517,0.008210584,20824
18.843482954196308,0.0046581025,0.00742219,0.0,0.024390243902439025,33.146341463414636,4499760,17444.662158727646,0.975609756097561,0.13258536585365857,0.16143617,0.00742219,20865
17.133686282271295,0.0033963486,0.006222358,0.0,0.09090909090909091,30.454545454545453,4509788,17483.05099749565,0.9090909090909091,0.12939507860560492,0.18154101,0.006222358,20909
18.752716430973862,0.0053435815,0.008125577,0.0,0.06976744186046512,33.27906976744186,4519791,17517.562599897385,0.9302325581395349,0.13311627906976745,0.15021499,0.008125577,20952
16.969856444591496,0.0048159966,0.008076757,0.0,0.09090909090909091,30.113636363636363,4529795,17554.174944639206,0.9090909090909091,0.12045454545454543,0.15100862,0.008076757,20996
17.75020972213284,0.004700881,0.008443552,0.0,0.09090909090909091,31.136363636363637,4539799,17594.229251146317,0.9090909090909091,0.12454545454545457,0.15535687,0.008443552,21040
18.812103838136622,0.008556873,0.0076614334,0.0,0.06976744186046512,32.93023255813954,4549832,17628.70407986641,0.9302325581395349,0.13447522750252786,0.17192076,0.0076614334,21083
19.700500882061302,0.0037152073,0.0067486344,0.0,0.0,34.6,4559832,17668.14776444435,1.0,0.13840000000000002,0.17463729,0.0067486344,21123
18.06654074365965,0.0032566758,0.0073531945,0.0,0.09090909090909091,31.795454545454547,4569836,17706.429224014282,0.9090909090909091,0.12718181818181817,0.15889509,0.0073531945,21167
18.42749927714916,0.00548876,0.005836007,0.0,0.06976744186046512,32.55813953488372,4579839,17743.091864347458,0.9302325581395349,0.1302325581395349,0.16908441,0.005836007,21210
18.805715717920684,0.0044048973,0.005939653,0.0,0.047619047619047616,32.833333333333336,4589843,17781.06808257103,0.9523809523809523,0.13133333333333333,0.17404348,0.005939653,21252
18.993704289999947,0.0040276716,0.0064309463,0.0,0.06976744186046512,33.18604651162791,4599846,17814.128395318985,0.9302325581395349,0.13274418604651161,0.19172868,0.0064309463,21295
20.278194593785738,0.0037521156,0.006687622,0.0,0.0,35.55,4609846,17852.11256980896,1.0,0.1422,0.19592862,0.006687622,21335
17.846559529806363,0.0045883576,0.0059879166,0.0,0.047619047619047616,31.261904761904763,4619848,17888.84225821495,0.9523809523809523,0.12504761904761907,0.17797308,0.0059879166,21377
17.820593495004438,0.004735701,0.007245569,0.0,0.09090909090909091,31.318181818181817,4629864,17924.312997341156,0.9090909090909091,0.12770707070707069,0.14483094,0.007245569,21421
17.776070121936957,0.0054803705,0.008304619,0.0,0.047619047619047616,31.095238095238095,4639874,17963.937690019608,0.9523809523809523,0.12438095238095237,0.14136764,0.008304619,21463
18.71944600375743,0.004372781,0.007130765,0.0,0.047619047619047616,32.857142857142854,4649876,18000.97238922119,0.9523809523809523,0.13142857142857142,0.1574396,0.007130765,21505
18.486203726472944,0.003349025,0.0057528564,0.0,0.047619047619047616,32.54761904761905,4659878,18036.652209043503,0.9523809523809523,0.1301904761904762,0.1504517,0.0057528564,21547
17.952435961675985,0.003771353,0.007132074,0.0,0.09090909090909091,31.318181818181817,4669886,18074.908588171005,0.9090909090909091,0.12527272727272723,0.15182547,0.007132074,21591
18.29593553089313,0.0046935515,0.0059805647,0.0,0.06976744186046512,32.06976744186046,4679889,18111.475040197372,0.9302325581395349,0.12827906976744186,0.15521492,0.0059805647,21634
19.04299696197674,0.003173468,0.0058089774,0.0,0.047619047619047616,33.19047619047619,4689891,18147.606645584106,0.9523809523809523,0.13276190476190475,0.18086296,0.0058089774,21676
16.894989500911418,0.004039826,0.006312651,0.0,0.1111111111111111,29.68888888888889,4699896,18183.035066366196,0.8888888888888888,0.11875555555555556,0.17645207,0.006312651,21721
19.708910044881023,0.0049306466,0.0068052732,0.0,0.047619047619047616,34.666666666666664,4709898,18219.948578357697,0.9523809523809523,0.13866666666666666,0.17106585,0.0068052732,21763
20.831252642038145,0.0037809238,0.0067382096,0.0,0.0,36.525,4719898,18258.14002943039,1.0,0.1461,0.15065567,0.0067382096,21803
19.074929546465928,0.0036409886,0.007219005,0.0,0.024390243902439025,33.048780487804876,4729899,18294.782816171646,0.975609756097561,0.13219512195121955,0.1457896,0.007219005,21844
19.368619905896516,0.0045235464,0.00758421,0.0,0.047619047619047616,34.142857142857146,4739901,18330.391706943512,0.9523809523809523,0.1365714285714286,0.13045506,0.00758421,21886
19.675091915291894,0.0043690675,0.0076911924,0.0,0.0,35.0,4749901,18364.93091392517,1.0,0.14000000000000004,0.13733406,0.0076911924,21926
19.085210395386742,0.0040943744,0.006843616,0.0,0.024390243902439025,33.609756097560975,4759902,18402.04617857933,0.975609756097561,0.13443902439024397,0.15304615,0.006843616,21967
18.54043317679337,0.0048896023,0.007893923,0.0,0.06976744186046512,32.69767441860465,4769911,18438.76115989685,0.9302325581395349,0.14300775193798454,0.14827016,0.007893923,22010
18.267701191969252,0.0048532127,0.007905847,0.0,0.024390243902439025,31.975609756097562,4779934,18474.24797964096,0.975609756097561,0.12790243902439027,0.15074097,0.007905847,22051
18.05912273184031,0.0038797955,0.007070627,0.0,0.09090909090909091,31.454545454545453,4789938,18513.61048913002,0.9090909090909091,0.12581818181818186,0.15292554,0.007070627,22095
19.80908036841892,0.004145388,0.0072900704,0.0,0.024390243902439025,34.31707317073171,4799939,18551.61836886406,0.975609756097561,0.13726829268292684,0.1410975,0.0072900704,22136
19.95285616563805,0.0052370494,0.007464017,0.0,0.024390243902439025,35.0,4809940,18586.103682756424,0.975609756097561,0.14,0.12329625,0.007464017,22177
18.26778698586601,0.0032725579,0.00651785,0.0,0.047619047619047616,31.785714285714285,4819990,18622.7530503273,0.9523809523809523,0.12831486880466475,0.13493821,0.00651785,22219
19.818524274915355,0.00344767,0.0070637255,0.0,0.024390243902439025,34.58536585365854,4829991,18656.17125749588,0.975609756097561,0.1383414634146341,0.13156816,0.0070637255,22260
17.93342076191449,0.004820066,0.0071165725,0.0,0.11363636363636363,31.022727272727273,4839762,18692.726187705994,0.8863636363636364,0.12409090909090907,0.13643862,0.0071165725,22304
17.74304443880356,0.004330826,0.006121277,0.0,0.047619047619047616,31.785714285714285,4849764,18731.483061552048,0.9523809523809523,0.12714285714285717,0.13445504,0.006121277,22346
18.551499565649614,0.0035963566,0.006597426,0.0,0.024390243902439025,32.68292682926829,4859765,18767.10215306282,0.975609756097561,0.13073170731707318,0.13325725,0.006597426,22387
19.59201552433398,0.0037161952,0.0074857436,0.0,0.0,34.2,4869765,18801.87002801895,1.0,0.13680000000000003,0.12805937,0.0074857436,22427
19.861965202564924,0.0036544495,0.0067482986,0.0,0.0,34.45,4879765,18839.50742149353,1.0,0.13779999999999998,0.1399057,0.0067482986,22467
18.36697290222615,0.003841789,0.0063738665,0.0,0.024390243902439025,32.02439024390244,4889766,18876.190917491913,0.975609756097561,0.1280975609756098,0.16959395,0.0063738665,22508
17.289266225479444,0.0039457507,0.0069853584,0.0,0.024390243902439025,30.0,4899767,18914.445070505142,0.975609756097561,0.12,0.17846122,0.0069853584,22549
18.49329358059139,0.0040249527,0.0075889467,0.0,0.047619047619047616,32.23809523809524,4909769,18949.73521876335,0.9523809523809523,0.12895238095238093,0.16269116,0.0075889467,22591
19.38737800921062,0.003327668,0.0060612243,0.0,0.024390243902439025,33.5609756097561,4919770,18985.023758411407,0.975609756097561,0.15853658536585363,0.15699577,0.0060612243,22632
18.651477857302943,0.0033403656,0.0067591905,0.0,0.0,32.4,4929770,19024.055362939835,1.0,0.12960000000000002,0.15252621,0.0067591905,22672
17.821435646006584,0.0035363624,0.006573181,0.0,0.047619047619047616,30.976190476190474,4939772,19060.567086935043,0.9523809523809523,0.12390476190476192,0.1792149,0.006573181,22714
18.73973976720099,0.0051809577,0.006963582,0.0,0.06976744186046512,33.0,4949775,19098.209075927734,0.9302325581395349,0.132,0.17504068,0.006963582,22757
18.883420281714056,0.0031459313,0.0067679686,0.0,0.047619047619047616,33.04761904761905,4959779,19137.923607826233,0.9523809523809523,0.1321904761904762,0.18217295,0.0067679686,22799
17.748173569812284,0.0041968683,0.006984903,0.0,0.047619047619047616,31.666666666666668,4969781,19170.75645327568,0.9523809523809523,0.12666666666666668,0.20784912,0.006984903,22841
17.984233542840265,0.0036447814,0.0063011018,0.0,0.06976744186046512,31.3953488372093,4979786,19207.930170059204,0.9302325581395349,0.13324031007751938,0.22373125,0.0063011018,22884
18.953843153475965,0.0033849434,0.0050954116,0.0,0.06976744186046512,32.81395348837209,4989789,19244.250066757202,0.9302325581395349,0.1312558139534884,0.2061763,0.0050954116,22927
17.998782352959154,0.0030014643,0.0051971595,0.0,0.024390243902439025,31.48780487804878,4999790,19280.214434862137,0.975609756097561,0.12595121951219512,0.20762631,0.0051971595,22968
