entloss,AttNC,meankl,optimgain,EpisodesSoFar,TimestepsSoFar,AttC,entropy,TimeElapsed,MtR,TtR,Fce,surrgain
0.0,3.1219512195121952,0.0005715454,1.1453857e-05,41,9808,6.878048780487805,1.4129503,99.4019091129303,24.43186511636577,420.9756097560976,0.17359053954175907,1.1453857e-05
0.0,3.6,0.0042787567,0.0004975452,86,19778,6.4,1.4285918,192.36774969100952,28.854078271372,492.22222222222223,0.2072573549698872,0.0004975452
0.0,2.673076923076923,0.00045386,0.00047129882,138,29830,7.326923076923077,1.4323757,287.6424341201782,24.777419829615766,422.88461538461536,0.20093474250744567,0.00047129882
0.0,2.5106382978723403,0.006293418,0.00024236023,185,40000,7.48936170212766,1.4550755,385.9866507053375,24.908617311815334,426.3829787234043,0.18621592857349573,0.00024236023
0.0,2.8780487804878048,0.004448339,0.00077967835,226,49824,7.121951219512195,1.4594204,485.8591070175171,22.270866954797018,385.609756097561,0.15999883558937888,0.00077967835
0.0,4.25,0.0047015245,0.0009571269,266,59824,5.75,1.4578419,582.365814447403,22.095938902662105,388.75,0.15550000000000003,0.0009571269
0.0,4.463414634146342,0.0017591211,0.001393346,307,69829,5.536585365853658,1.4492083,689.7825918197632,19.23893487694921,326.5853658536585,0.13063414634146342,0.001393346
0.0,4.475,0.0016545261,0.0011857759,347,79829,5.525,1.4380412,783.3347675800323,16.752940296684734,291.25,0.11650000000000005,0.0011857759
0.0,5.35,0.00064279244,0.000225401,387,89829,4.65,1.4515494,884.3633894920349,13.707625755507816,238.25,0.09530000000000007,0.000225401
0.0,6.075,0.008539842,6.0968323e-05,427,99829,3.925,1.4277451,984.603609085083,13.900488687045799,241.25,0.09650000000000006,6.0968323e-05
0.0,4.9,0.004743555,0.00028090455,467,109829,5.1,1.4727275,1091.5987930297852,13.975775063128868,245.25,0.09810000000000006,0.00028090455
0.0,5.3,0.0138528785,0.0002517441,507,119829,4.7,1.4838858,1187.1571757793427,15.971823146643104,279.5,0.11180000000000005,0.0002517441
0.0,5.55,0.007039741,0.00029680083,547,129829,4.45,1.5661135,1288.5591921806335,13.471268957085965,238.0,0.09520000000000006,0.00029680083
0.0,4.925,0.008128343,1.983139e-05,587,139829,5.075,1.5857675,1378.6532995700836,14.695904047365616,260.25,0.10410000000000004,1.983139e-05
0.0,5.55,0.0093882615,0.00042984664,627,149829,4.45,1.6317506,1486.0974838733673,14.184369401832148,246.5,0.09860000000000005,0.00042984664
0.0,4.9,0.003668734,0.00016951752,667,159829,5.1,1.6725597,1574.397010564804,15.08719572948804,269.75,0.10790000000000004,0.00016951752
0.0,5.15,0.0063386397,0.0005037503,707,169829,4.85,1.7105619,1672.9524936676025,15.564287337990098,274.75,0.10990000000000004,0.0005037503
0.0,4.55,0.0076289284,0.00032597396,747,179829,5.45,1.7342879,1766.5426285266876,18.41890798393588,320.5,0.12820000000000004,0.00032597396
0.0,4.125,0.008479522,0.0010517366,787,189829,5.875,1.7285064,1861.48241853714,23.419210350875584,408.75,0.16350000000000003,0.0010517366
0.0,3.119047619047619,0.001426922,0.00045152786,829,199873,6.880952380952381,1.6958847,1955.9264297485352,25.3662449379639,435.4761904761905,0.18025094482237342,0.00045152786
0.0,2.7555555555555555,0.0033648487,0.00031362992,874,209936,7.2444444444444445,1.642466,2059.2273321151733,22.587739175662254,390.22222222222223,0.1660847481021394,0.00031362992
0.0,3.317073170731707,0.006385564,0.0002977304,915,219790,6.682926829268292,1.5750762,2149.5387165546417,27.4399290580736,468.2926829268293,0.19284479766145976,0.0002977304
0.0,2.56,0.002595258,0.00030056655,965,229758,7.44,1.5593159,2250.696233510971,23.46645450701786,400.8,0.18115565708366518,0.00030056655
0.0,2.5476190476190474,0.006064487,0.0014488704,1007,239820,7.4523809523809526,1.6011562,2348.9911155700684,22.506252489028196,395.7142857142857,0.1589306599832916,0.0014488704
0.0,3.8,0.0054827123,0.0029248602,1047,249820,6.2,1.619216,2441.4755868911743,20.538415791637668,363.75,0.14549999999999996,0.0029248602
0.0,4.5,0.0029327145,0.0018899881,1087,259820,5.5,1.6185403,2540.9827485084534,17.20803811713236,302.75,0.12110000000000003,0.0018899881
0.0,5.125,0.003016786,0.00088122714,1127,269820,4.875,1.6169403,2639.2708411216736,15.494972840694455,268.0,0.10720000000000003,0.00088122714
0.0,4.95,0.011864565,0.00019194008,1167,279820,5.05,1.5920881,2735.9509019851685,15.560460789219272,271.75,0.10870000000000002,0.00019194008
0.0,5.55,0.0072152372,1.5310669e-06,1207,289820,4.45,1.5454618,2832.936726331711,14.233647639809305,249.25,0.09970000000000007,1.5310669e-06
0.0,5.225,0.0083720265,5.2215728e-05,1247,299820,4.775,1.5763043,2930.8486161231995,13.827941518606025,246.0,0.09840000000000007,5.2215728e-05
0.0,5.75,0.0026115936,0.00013457428,1287,309820,4.25,1.6150721,3024.106725692749,14.011526479449113,247.0,0.09880000000000007,0.00013457428
0.0,5.025,0.002707983,0.00017124634,1327,319820,4.975,1.5767416,3127.75935959816,15.127418218903278,270.25,0.10810000000000004,0.00017124634
0.0,4.775,0.005758194,0.00010992928,1367,329820,5.225,1.6005021,3224.6726026535034,15.027458337365562,262.25,0.10490000000000003,0.00010992928
0.0,4.875,0.004017325,0.00019207153,1407,339820,5.125,1.6622312,3323.7466735839844,14.758292538492267,258.0,0.10320000000000004,0.00019207153
0.0,5.225,0.0073800157,0.00031003318,1447,349820,4.775,1.7341657,3419.8944766521454,15.589113711557232,270.5,0.10820000000000005,0.00031003318
0.0,4.625,0.0074770693,0.00017032104,1487,359820,5.375,1.822965,3522.812757730484,16.443525276543763,286.5,0.11460000000000006,0.00017032104
0.0,4.925,0.002326311,0.00034296737,1527,369820,5.075,1.8433506,3613.112596511841,16.55541117405888,291.25,0.11650000000000005,0.00034296737
0.0,4.65,0.00041893852,1.8967743e-05,1567,379820,5.35,1.8628277,3717.0320403575897,17.019007406951225,299.25,0.11970000000000006,1.8967743e-05
0.0,4.775,0.00893351,2.2919312e-05,1607,389820,5.225,1.960441,3804.05025100708,17.192937965658977,298.0,0.11920000000000004,2.2919312e-05
0.0,4.2,0.008933102,5.4861754e-05,1647,399820,5.8,2.0580127,3906.8076293468475,17.967062203787656,312.25,0.12490000000000005,5.4861754e-05
0.0,4.725,0.008933204,3.2238542e-05,1687,409820,5.275,2.1556118,3999.6948988437653,18.32243703865498,321.75,0.12870000000000006,3.2238542e-05
0.0,4.375,0.008933204,6.525032e-05,1727,419820,5.625,2.2531822,4093.9425263404846,18.246429572387513,319.75,0.1279,6.525032e-05
0.0,4.175,0.008933204,1.627922e-05,1767,429820,5.825,2.3508024,4188.241881132126,18.791322043089433,328.5,0.13140000000000002,1.627922e-05
0.0,4.65,0.008933196,4.9743958e-05,1807,439820,5.35,2.4483662,4284.948338031769,21.269636543486214,368.75,0.14750000000000002,4.9743958e-05
0.0,3.7,0.008933204,4.2811433e-05,1847,449820,6.3,2.5459898,4379.215390920639,19.485841789062036,343.0,0.13720000000000002,4.2811433e-05
0.0,3.65,0.008933196,3.5595396e-05,1887,459820,6.35,2.643555,4474.4606392383575,20.459822319396796,355.25,0.14209999999999998,3.5595396e-05
0.0,3.85,0.008933196,5.1561738e-06,1927,469820,6.15,2.7411232,4571.698005199432,20.927252085050462,365.5,0.14620000000000005,5.1561738e-06
0.0,3.902439024390244,0.008933196,7.28302e-06,1968,479825,6.097560975609756,2.8387344,4660.829076766968,19.881330535627885,347.5609756097561,0.1438048780487805,7.28302e-06
0.0,4.3,0.008933102,1.0254516e-05,2008,489825,5.7,2.936305,4765.840027809143,22.575490500319173,390.0,0.15600000000000003,1.0254516e-05
0.0,4.075,0.010174863,6.029663e-06,2048,499825,5.925,2.8387344,4851.659511089325,21.781026888268592,382.0,0.1528,6.029663e-06
0.0,3.4634146341463414,0.008933204,8.2926945e-06,2089,509876,6.536585365853658,2.936305,4947.5687844753265,21.143379432593953,370.2439024390244,0.1503816355810617,8.2926945e-06
0.0,3.775,0.008933204,8.2405095e-06,2129,519876,6.225,3.0339303,5034.988116264343,21.391674288051426,374.5,0.14980000000000007,8.2405095e-06
0.0,3.731707317073171,0.010174781,8.869782e-06,2170,529881,6.2682926829268295,2.936305,5131.375300884247,21.36046916141143,371.219512195122,0.15326829268292683,8.869782e-06
0.0,3.375,0.008933077,9.375e-06,2210,539881,6.625,3.0339303,5219.3329927921295,21.761918181459027,382.5,0.15300000000000005,9.375e-06
0.0,3.292682926829268,0.008933196,8.756561e-06,2251,549894,6.7073170731707314,3.131509,5316.439534902573,20.957143656080166,365.3658536585366,0.149703564727955,8.756561e-06
0.0,4.2439024390243905,0.008933204,4.912262e-06,2292,559905,5.7560975609756095,3.2290845,5415.8082280159,22.022677683236342,383.1707317073171,0.15326829268292683,4.912262e-06
0.0,3.7804878048780486,0.008933204,4.441681e-06,2333,569956,6.219512195121951,3.3266664,5511.343185424805,22.057921895722334,381.7073170731707,0.1545863223338116,4.441681e-06
0.0,3.1463414634146343,0.008933204,4.387131e-06,2374,579766,6.853658536585366,3.4242976,5609.318673372269,19.602481778246357,341.219512195122,0.14267595818815332,4.387131e-06
0.0,3.4390243902439024,0.008933196,4.6981813e-06,2415,589779,6.560975609756097,3.521883,5705.53156542778,21.609683684916103,379.5121951219512,0.15358348968105068,4.6981813e-06
0.0,3.2142857142857144,0.01017476,1.2861633e-06,2457,599847,6.785714285714286,3.4242976,5801.437385559082,22.456999298424865,386.6666666666667,0.15857329598506065,1.2861633e-06
0.0,3.4878048780487805,0.008933204,1.2691498e-06,2498,609892,6.512195121951219,3.521883,5903.5881960392,22.289849847988467,385.8536585365854,0.15656368563685638,1.2691498e-06
0.0,3.3658536585365852,0.008933204,1.3315582e-06,2539,619913,6.634146341463414,3.6194525,5996.402446508408,22.2753354847108,388.5365853658537,0.1586062717770035,1.3315582e-06
0.0,3.268292682926829,0.010174781,3.521042e-06,2580,629930,6.7317073170731705,3.521883,6090.716091394424,21.524386834306508,379.2682926829268,0.1530444763271162,3.521042e-06
0.0,3.675,0.008933416,2.0965576e-06,2620,639930,6.325,3.6194525,6185.577641487122,23.069162283581715,398.0,0.15920000000000004,2.0965576e-06
0.0,3.3658536585365852,0.010174751,2.6441955e-06,2661,649943,6.634146341463414,3.521883,6278.9699075222015,21.833667526802614,388.780487804878,0.15551219512195125,2.6441955e-06
0.0,3.4285714285714284,0.010174781,1.8627929e-06,2703,659975,6.571428571428571,3.4242976,6371.2992906570435,21.320316913772974,370.4761904761905,0.1481904761904762,1.8627929e-06
0.0,3.1463414634146343,0.008933204,1.8164062e-06,2744,669771,6.853658536585366,3.521883,6468.525709629059,21.46277870470184,370.7317073170732,0.1532404181184669,1.8164062e-06
0.0,4.024390243902439,0.008932625,2.670288e-07,2785,679784,5.975609756097561,3.6194513,6559.538431882858,23.74140785796647,406.0975609756098,0.16421763602251407,2.670288e-07
0.0,4.075,0.008933102,2.2183228e-06,2825,689784,5.925,3.7170413,6661.1560151577,23.719893963982933,414.5,0.1658,2.2183228e-06
0.0,3.5348837209302326,0.008933102,6.5200805e-07,2868,699833,6.465116279069767,3.8146343,6753.833716869354,22.43573176764529,391.16279069767444,0.15957880451545248,6.5200805e-07
0.0,3.575,0.008933102,1.3226319e-06,2908,709833,6.425,3.91219,6852.2483785152435,23.110739452706383,400.75,0.16030000000000003,1.3226319e-06
0.0,3.8333333333333335,0.008933196,7.1456907e-07,2950,719843,6.166666666666667,4.009782,6942.729168891907,22.301128975789457,382.6190476190476,0.15304761904761907,7.1456907e-07
0.0,3.25,0.008933204,1.0061646e-06,2990,729843,6.75,4.1074176,7040.828458786011,23.51918834773608,411.0,0.16439999999999996,1.0061646e-06
0.0,3.6097560975609757,0.008933196,1.3668823e-06,3031,739852,6.390243902439025,4.2050166,7134.466626405716,23.482211670101123,409.7560975609756,0.16390243902439025,1.3668823e-06
0.0,3.2954545454545454,0.01017476,1.9042969e-07,3075,749948,6.704545454545454,4.1074176,7229.494191408157,21.142735788593917,369.54545454545456,0.1597247925792817,1.9042969e-07
0.0,3.317073170731707,0.008933204,8.812714e-07,3116,759965,6.682926829268292,4.2050166,7328.88054895401,23.01890983865382,403.1707317073171,0.16260545193687231,8.812714e-07
0.0,3.1707317073170733,0.010174781,5.703735e-07,3157,769976,6.829268292682927,4.1074176,7417.8211987018585,22.38213642340231,385.1219512195122,0.1540487804878049,5.703735e-07
0.0,3.65,0.008933102,5.050278e-07,3197,779769,6.35,4.2050166,7520.226167201996,22.94680896107302,393.75,0.15942558139534885,5.050278e-07
0.0,3.8780487804878048,0.008933204,8.956146e-07,3238,789784,6.121951219512195,4.302551,7615.617892980576,23.541644782748342,411.9512195121951,0.1739512195121951,8.956146e-07
0.0,3.5348837209302326,0.010174781,7.5408934e-07,3281,799827,6.465116279069767,4.2050166,7710.766559839249,21.58859702972661,376.27906976744185,0.15517949456404348,7.5408934e-07
0.0,3.4146341463414633,0.010174781,1.4128112e-06,3322,809848,6.585365853658536,4.1074176,7817.478481292725,22.804035899859407,395.609756097561,0.16037166085946578,1.4128112e-06
0.0,3.675,0.008933204,1.6220093e-07,3362,819848,6.325,4.2050166,7918.79159617424,24.085887823050317,415.75,0.16629999999999998,1.6220093e-07
0.0,3.707317073170732,0.010174781,6.178284e-07,3403,829859,6.2926829268292686,4.1074176,8013.316256046295,23.654555217996748,408.780487804878,0.16563192904656318,6.178284e-07
0.0,3.1463414634146343,0.010174282,6.80542e-08,3444,839866,6.853658536585366,4.009784,8112.0544855594635,22.06855269255822,383.9024390243902,0.15694773519163763,6.80542e-08
0.0,3.6,0.008933196,1.067276e-06,3484,849866,6.4,4.107418,8212.08267879486,23.706162126841143,415.75,0.16630000000000003,1.067276e-06
0.0,3.697674418604651,0.010174781,1.0040284e-06,3527,859961,6.3023255813953485,4.009784,8307.028757810593,23.482671757156236,401.86046511627904,0.17021633493831,1.0040284e-06
0.0,3.658536585365854,0.010174871,6.2988283e-07,3568,869827,6.341463414634147,3.912191,8412.492537021637,24.14848425771925,421.4634146341463,0.1761572322265279,6.2988283e-07
0.0,3.268292682926829,0.010174863,1.844635e-06,3609,879858,6.7317073170731705,3.8146343,8505.514968633652,22.20558005909468,388.2926829268293,0.15738473642800946,1.844635e-06
0.0,3.125,0.008933204,6.7310333e-07,3649,889858,6.875,3.91219,8604.612799167633,22.283402166629767,384.5,0.1538,6.7310333e-07
0.0,3.2439024390243905,0.008933204,5.581665e-07,3690,899873,6.7560975609756095,4.009784,8698.555047512054,21.962789537361594,380.7317073170732,0.15382113821138213,5.581665e-07
0.0,3.731707317073171,0.010174871,1.0317993e-06,3731,909892,6.2682926829268295,3.91219,8802.38341140747,24.593680230415973,427.8048780487805,0.17230808729139924,1.0317993e-06
0.0,3.1666666666666665,0.008933102,2.1224976e-07,3773,919924,6.833333333333333,4.009784,8894.45909833908,22.768238807805822,392.6190476190476,0.16080745341614908,2.1224976e-07
0.0,3.926829268292683,0.008933204,1.5161132e-06,3814,929929,6.073170731707317,4.107418,8993.7273914814,23.581356329145635,408.5365853658537,0.16341463414634147,1.5161132e-06
0.0,3.1,0.008933416,1.0876465e-06,3854,939758,6.9,4.2050166,9084.224232912064,23.02193348512146,396.25,0.16023164556962022,1.0876465e-06
0.0,3.3,0.008933204,8.747864e-07,3894,949758,6.7,4.30256,9174.069069385529,23.898515030113252,415.5,0.1662,8.747864e-07
0.0,2.6666666666666665,0.010174781,2.632141e-07,3936,959790,7.333333333333333,4.2050166,9271.43255019188,21.841501728268614,377.6190476190476,0.1569251700680272,2.632141e-07
0.0,3.3488372093023258,0.010174781,4.1633606e-07,3979,969811,6.651162790697675,4.107418,9367.257255077362,21.06251141183581,366.74418604651163,0.14992691029900335,4.1633606e-07
0.0,3.8048780487804876,0.008933204,3.9802552e-07,4020,979818,6.195121951219512,4.2050166,9462.841748952866,23.145874716487768,403.4146341463415,0.16813937282229963,3.9802552e-07
0.0,3.4761904761904763,0.008933204,9.0278627e-07,4062,989868,6.523809523809524,4.30256,9559.215537548065,22.10371085465876,390.23809523809524,0.16121255321255318,9.0278627e-07
0.0,3.1904761904761907,0.008933204,7.373047e-07,4104,999908,6.809523809523809,4.4001513,9656.343517065048,22.261353401855935,387.6190476190476,0.16023252937538648,7.373047e-07
0.0,3.268292682926829,0.008933204,6.748962e-07,4145,1009939,6.7317073170731705,4.497788,9749.689191102982,22.759430631349883,398.5365853658537,0.1614822974036192,6.748962e-07
0.0,3.525,0.010174751,5.661011e-08,4185,1019939,6.475,4.4001513,9849.547053098679,24.041894077221023,421.0,0.1684,5.661011e-08
0.0,3.1,0.008932242,1.9683839e-08,4225,1029939,6.9,4.497788,9945.964591264725,23.488866401867842,410.0,0.164,1.9683839e-08
0.0,3.4,0.008933204,2.4536132e-07,4265,1039939,6.6,4.595391,10042.893598079681,22.680608350377618,395.0,0.15799999999999997,2.4536132e-07
0.0,3.1707317073170733,0.010174751,1.4038086e-07,4306,1049944,6.829268292682927,4.497788,10141.205403089523,23.49291559068451,409.2682926829268,0.16848780487804882,1.4038086e-07
0.0,3.8536585365853657,0.010165336,3.3569336e-09,4347,1059949,6.146341463414634,4.4002013,10239.050206422806,23.381984360521546,402.9268292682927,0.16595121951219508,3.3569336e-09
0.0,3.0714285714285716,0.010174871,7.702637e-07,4389,1069758,6.928571428571429,4.302661,10336.32659959793,22.031911825165015,378.8095238095238,0.15633438633438637,7.702637e-07
0.0,3.046511627906977,0.008933204,6.1237336e-07,4432,1079903,6.953488372093023,4.4002013,10437.045979499817,21.732179854738398,379.06976744186045,0.15977697997067533,6.1237336e-07
0.0,3.341463414634146,0.008929695,3.6621093e-09,4473,1089936,6.658536585365853,4.497799,10530.172286748886,22.561466566842334,389.0243902439024,0.15753436807095345,3.6621093e-09
0.0,3.35,0.008933204,6.0798646e-07,4513,1099936,6.65,4.5954027,10626.770284414291,24.450405696583154,420.5,0.1682,6.0798646e-07
0.0,3.3,0.010174863,1.3595582e-07,4553,1109813,6.7,4.497799,10725.53055524826,23.770536328393273,408.0,0.16494330708661414,1.3595582e-07
0.0,3.35,0.008933416,1.5701293e-07,4593,1119813,6.65,4.5954027,10817.058458566666,24.65358505312642,426.25,0.1705,1.5701293e-07
0.0,3.075,0.010174751,2.685547e-07,4633,1129813,6.925,4.497799,10914.388691425323,22.894878803383868,399.5,0.15980000000000003,2.685547e-07
0.0,2.902439024390244,0.008932625,3.276825e-08,4674,1139844,7.097560975609756,4.5954027,11006.949134111404,22.835657501769795,392.9268292682927,0.16061683713611327,3.276825e-08
0.0,3.682926829268293,0.010174751,9.338379e-08,4715,1149853,6.317073170731708,4.497798,11109.352701663971,23.464622864557203,407.3170731707317,0.16815176151761518,9.338379e-08
0.0,3.0714285714285716,0.008933102,2.5650024e-07,4757,1159905,6.928571428571429,4.5954027,11209.815544843674,23.10537921895989,399.2857142857143,0.1644959244959245,2.5650024e-07
0.0,3.4761904761904763,0.008933204,3.6361695e-07,4799,1169961,6.523809523809524,4.6929264,11321.34286403656,23.5017290479568,402.14285714285717,0.1659756147124568,3.6361695e-07
0.0,3.1219512195121952,0.008933204,2.319336e-08,4840,1179988,6.878048780487805,4.7905307,11417.6962287426,22.95441952408395,395.1219512195122,0.15885456187895214,2.319336e-08
0.0,3.7560975609756095,0.010173798,2.319336e-08,4881,1189796,6.2439024390243905,4.692935,11524.359966754913,24.431057661940137,422.9268292682927,0.1742401283200453,2.319336e-08
0.0,3.625,0.008933102,3.6468506e-08,4921,1199796,6.375,4.790531,11624.008473157883,23.68505734493199,408.25,0.16330000000000003,3.6468506e-08
0.0,3.0,0.008933196,1.5426636e-07,4963,1209834,7.0,4.8881707,11722.510432004929,22.18934695876003,381.42857142857144,0.15722317314022385,1.5426636e-07
0.0,3.25,0.008933204,5.088806e-08,5003,1219834,6.75,4.985777,11820.32083106041,24.56767764053753,430.0,0.172,5.088806e-08
0.0,3.0,0.008933204,4.5471193e-08,5045,1229874,7.0,5.0832996,11915.122541427612,22.406944793725188,390.95238095238096,0.15928407224958951,4.5471193e-08
0.0,3.511627906976744,0.008933204,6.9122315e-08,5088,1239913,6.488372093023256,5.180908,12004.256774663925,23.43811670180587,402.3255813953488,0.16769810034926316,6.9122315e-08
0.0,3.261904761904762,0.008933204,6.561279e-09,5130,1249947,6.738095238095238,5.2785473,12104.800945281982,23.05307610263612,402.3809523809524,0.16634482758620686,6.561279e-09
0.0,2.725,0.008933204,6.820679e-08,5170,1259947,7.275,5.376036,12196.40341591835,23.22087633358915,411.25,0.16450000000000004,6.820679e-08
0.0,4.121951219512195,0.010174863,1.11694334e-07,5211,1269777,5.878048780487805,5.2785473,12296.031348228455,23.30491656312441,406.0975609756098,0.17039393318302928,1.11694334e-07
0.0,3.7804878048780486,0.008933204,4.3792724e-08,5252,1279808,6.219512195121951,5.376036,12394.091383457184,24.014569599004616,410.4878048780488,0.165573564122738,4.3792724e-08
0.0,3.2093023255813953,0.010174304,1.9683839e-08,5295,1289927,6.790697674418604,5.2785473,12496.29254579544,23.263640313575426,400.2325581395349,0.16580215045236157,1.9683839e-08
0.0,2.627906976744186,0.0101747215,3.90625e-08,5338,1299781,7.372093023255814,5.180909,12587.719925165176,20.20501924496194,351.16279069767444,0.14534267308495288,3.90625e-08
0.0,3.048780487804878,0.010174751,5.6152345e-08,5379,1309788,6.951219512195122,5.0833,12685.78122472763,21.696696671007,379.0243902439024,0.15160975609756097,5.6152345e-08
0.0,3.024390243902439,0.010174781,2.3490905e-07,5420,1319861,6.975609756097561,4.985779,12783.79763507843,23.146732674770366,400.2439024390244,0.1622265285666555,2.3490905e-07
0.0,3.775,0.008933102,3.6010743e-08,5460,1329861,6.225,5.0833,12870.467376708984,24.009890477488355,416.25,0.1665,3.6010743e-08
0.0,3.261904761904762,0.010174781,7.720947e-08,5502,1339919,6.738095238095238,4.985779,12970.96953868866,22.777023247010703,398.3333333333333,0.1635515474482476,7.720947e-08
0.0,2.8095238095238093,0.010174781,7.720947e-08,5544,1349808,7.190476190476191,4.985779,13061.658204555511,22.576757110938516,391.9047619047619,0.1624332499158211,7.720947e-08
0.0,3.0930232558139537,0.008933204,2.5177002e-08,5587,1359903,6.906976744186046,5.0833,13161.036995887756,22.342151670798028,387.90697674418607,0.1612373848179026,2.5177002e-08
0.0,3.3,0.008933204,4.5166015e-08,5627,1369903,6.7,5.180909,13257.815655946732,23.65554670756355,413.75,0.16550000000000004,4.5166015e-08
0.0,3.5348837209302326,0.008933204,4.1503906e-08,5670,1379952,6.465116279069767,5.2785473,13365.068760633469,22.42142688209575,390.4651162790698,0.16472224549643902,4.1503906e-08
0.0,3.775,0.01017476,1.34277345e-08,5710,1389952,6.225,5.180909,13459.747393369675,24.05392838284749,418.75,0.16750000000000004,1.34277345e-08
0.0,3.85,0.008933204,1.5029907e-07,5750,1399952,6.15,5.2785473,13565.282081842422,26.330260555417503,455.0,0.182,1.5029907e-07
0.0,3.625,0.008933034,-4.8828124e-09,5790,1409952,6.375,5.376036,13665.842947721481,24.08142696931444,418.5,0.16740000000000002,-4.8828124e-09
0.0,3.658536585365854,0.008925472,1.2207031e-09,5831,1419969,6.341463414634147,5.473634,13761.987185955048,24.199123553284362,419.2682926829268,0.16770731707317074,1.2207031e-09
0.0,3.4878048780487805,0.010174751,3.387451e-08,5872,1429984,6.512195121951219,5.3760223,13866.795966148376,24.21924254491576,424.8780487804878,0.17147967479674803,3.387451e-08
0.0,4.0,0.008933102,2.319336e-08,5916,1439993,6.0,5.473634,13960.250348329544,23.613024303313615,406.1363636363636,0.1677876649523922,2.319336e-08
0.0,3.15,0.008933196,2.746582e-08,5956,1449770,6.85,5.571275,14058.879245519638,24.070404173823043,417.5,0.16947777777777778,2.746582e-08
0.0,2.95,0.010174871,2.357483e-08,5996,1459770,7.05,5.473634,14157.21628332138,22.131550479094358,389.5,0.1558,2.357483e-08
0.0,2.5476190476190474,0.010173677,-2.4795532e-09,6038,1469850,7.4523809523809526,5.376024,14255.638852119446,22.415840799943176,392.3809523809524,0.1599253034547152,-2.4795532e-09
0.0,3.1219512195121952,0.010174863,5.2490233e-08,6079,1479857,6.878048780487805,5.2785063,14353.437922000885,22.603602525597545,398.780487804878,0.16289895470383278,5.2490233e-08
0.0,3.292682926829268,0.010174781,8.056641e-08,6120,1489878,6.7073170731707314,5.1808968,14455.16417837143,23.20813363027293,407.3170731707317,0.16505458768873402,8.056641e-08
0.0,3.5952380952380953,0.00893351,1.3153077e-07,6162,1499900,6.404761904761905,5.2785063,14557.892274856567,23.6481100169478,404.04761904761904,0.16416931216931213,1.3153077e-07
0.0,3.7142857142857144,0.01017476,5.0659178e-08,6204,1509924,6.285714285714286,5.1808968,14662.8437936306,23.21779804725851,405.4761904761905,0.16599600399600398,5.0659178e-08
0.0,3.1904761904761907,0.00893351,4.7302247e-08,6246,1519970,6.809523809523809,5.2785063,14763.38125538826,22.895270992572208,395.4761904761905,0.1602515262515262,4.7302247e-08
0.0,3.707317073170732,0.010174744,5.279541e-08,6287,1529987,6.2926829268292686,5.1808968,14857.719435930252,23.654575457282043,409.7560975609756,0.16523959827833576,5.279541e-08
0.0,3.2045454545454546,0.008933196,4.2572022e-08,6331,1539926,6.795454545454546,5.2785063,14951.333784341812,22.85927751877362,391.59090909090907,0.1618476788728418,4.2572022e-08
0.0,3.2,0.008933416,1.3305664e-07,6371,1549926,6.8,5.376024,15050.540031909943,23.850741454688542,418.0,0.1672,1.3305664e-07
0.0,2.7674418604651163,0.008933196,1.9683839e-08,6414,1559818,7.232558139534884,5.473634,15144.187098503113,22.55049799193668,392.3255813953488,0.16552868777773103,1.9683839e-08
0.0,2.857142857142857,0.010174639,3.3569336e-09,6456,1569858,7.142857142857143,5.376024,15235.834622383118,22.846490768705205,396.42857142857144,0.16112169312169314,3.3569336e-09
0.0,3.5365853658536586,0.008933196,2.7160645e-08,6497,1579885,6.463414634146342,5.473636,15337.318765878677,23.00319664713099,399.7560975609756,0.16393134598012646,2.7160645e-08
0.0,3.5,0.010174781,2.7008056e-08,6539,1589913,6.5,5.376024,15426.273138999939,23.527924567413454,408.57142857142856,0.16810847975553858,2.7008056e-08
0.0,3.1627906976744184,0.010174781,2.7008056e-08,6582,1599811,6.837209302325581,5.376024,15527.329877138138,23.37713017436607,404.1860465116279,0.17682173306249913,2.7008056e-08
0.0,3.024390243902439,0.010174863,1.3122558e-08,6623,1609844,6.975609756097561,5.2785063,15623.673399686813,24.12115271105474,418.780487804878,0.1694368070953437,1.3122558e-08
0.0,3.268292682926829,0.01017476,4.3029786e-08,6664,1619857,6.7317073170731705,5.180904,15727.104039430618,22.385654057073168,390.0,0.15599999999999997,4.3029786e-08
0.0,3.511627906976744,0.01017476,5.2490233e-08,6707,1629898,6.488372093023256,5.083264,15824.650440454483,22.56706498106315,396.04651162790697,0.1584186046511628,5.2490233e-08
0.0,3.268292682926829,0.010174863,1.7730713e-07,6748,1639905,6.7317073170731705,4.9856567,15933.35901761055,23.51898697737314,410.7317073170732,0.16767944250871084,1.7730713e-07
0.0,3.261904761904762,0.008933077,2.4375916e-08,6790,1649929,6.738095238095238,5.083264,16024.757405996323,23.118939331818144,395.95238095238096,0.15968627450980394,2.4375916e-08
0.0,3.357142857142857,0.008933204,9.765625e-08,6832,1659983,6.642857142857143,5.180904,16131.751225709915,22.111624689893397,387.3809523809524,0.1600578374407266,9.765625e-08
0.0,2.975,0.008933196,9.2391964e-08,6872,1669862,7.025,5.2785063,16227.185981750488,22.86380542460874,394.0,0.15853798449612405,9.2391964e-08
0.0,3.2790697674418605,0.008933204,3.4332274e-08,6915,1679905,6.72093023255814,5.376024,16328.282939910889,23.851694701552564,413.72093023255815,0.1714462901439646,3.4332274e-08
0.0,3.5121951219512195,0.008933204,3.4332274e-08,6956,1689910,6.487804878048781,5.376024,16424.426713466644,24.338865761147375,422.6829268292683,0.16907317073170727,3.4332274e-08
0.0,3.7857142857142856,0.010174781,1.04980465e-07,6998,1699938,6.214285714285714,5.2785063,16518.65934419632,23.34607522096032,405.7142857142857,0.16489635854341736,1.04980465e-07
0.0,3.35,0.008933196,5.0659178e-08,7038,1709938,6.65,5.376024,16620.93678855896,24.454727897314065,422.25,0.1689,5.0659178e-08
0.0,3.65,0.010174274,1.159668e-08,7078,1719938,6.35,5.2785063,16717.141384601593,24.586202660966013,436.0,0.17440000000000003,1.159668e-08
0.0,2.522727272727273,0.008933067,3.0517577e-09,7122,1729994,7.4772727272727275,5.376025,16821.683800697327,21.692880422341112,376.3636363636364,0.1575561497326203,3.0517577e-09
0.0,3.3,0.008933204,5.340576e-09,7162,1739859,6.7,5.473636,16920.408545970917,23.065262065667703,397.5,0.16134782608695653,5.340576e-09
0.0,3.6097560975609757,0.010174863,1.0322571e-07,7203,1749898,6.390243902439025,5.376025,17023.478172540665,23.92167655956077,409.0243902439024,0.1651932457786116,1.0322571e-07
0.0,3.341463414634146,0.008933204,7.080078e-08,7244,1759954,6.658536585365853,5.473636,17113.283878803253,23.374690051056476,401.219512195122,0.16300574856910496,7.080078e-08
0.0,3.4878048780487805,0.008933102,5.0811767e-08,7285,1769989,6.512195121951219,5.571275,17221.29500579834,23.40409006418418,405.8536585365854,0.16413937282229968,5.0811767e-08
0.0,3.35,0.008933067,7.019043e-09,7325,1779989,6.65,5.6688886,17312.86345386505,24.529321637396894,427.0,0.1708,7.019043e-09
0.0,3.975,0.008933196,2.4871825e-08,7365,1789754,6.025,5.7664213,17414.964530706406,25.188637594374093,440.75,0.1794333333333333,2.4871825e-08
0.0,3.317073170731707,0.010174863,5.2185058e-08,7406,1799799,6.682926829268292,5.6688886,17511.607225894928,23.274058987079982,403.4146341463415,0.16358807588075883,5.2185058e-08
0.0,3.738095238095238,0.008933196,7.423401e-08,7448,1809815,6.261904761904762,5.7664213,17615.047489881516,23.957567936237737,410.23809523809524,0.17083116883116883,7.423401e-08
0.0,3.5121951219512195,0.010174871,2.0751953e-08,7489,1819828,6.487804878048781,5.6688886,17704.90628552437,23.673698946004315,412.4390243902439,0.1667542213883677,2.0751953e-08
0.0,3.125,0.008933102,1.7700195e-08,7529,1829828,6.875,5.7663937,17807.536270856857,23.96734074593126,418.0,0.1672,1.7700195e-08
0.0,3.75,0.01017476,1.9989013e-08,7573,1839966,6.25,5.6688886,17901.563242435455,24.439623867241618,415.90909090909093,0.1774770003474832,1.9989013e-08
0.0,3.65,0.008933204,-5.340576e-09,7613,1849966,6.35,5.7663937,17998.166589975357,24.70153695448663,428.0,0.17120000000000002,-5.340576e-09
0.0,2.488372093023256,0.01017476,1.7700195e-08,7656,1859862,7.511627906976744,5.6688886,18094.6027572155,20.035095407860823,348.3720930232558,0.14479529768289046,1.7700195e-08
0.0,3.6341463414634148,0.008933416,3.112793e-08,7697,1869877,6.365853658536586,5.7664213,18188.935955524445,24.115842103631095,412.6829268292683,0.16507317073170732,3.112793e-08
0.0,3.7209302325581395,0.008933204,4.5776366e-10,7740,1879988,6.27906976744186,5.8639874,18281.814954280853,24.259301164715595,420.0,0.17229397892960277,4.5776366e-10
0.0,3.675,0.0023053025,-5.340576e-09,7780,1889988,6.325,5.912803,18372.071935892105,24.02802797880566,416.75,0.16670000000000004,-5.340576e-09
0.0,2.8780487804878048,0.01017476,2.9144287e-08,7821,1899774,7.121951219512195,5.8152127,18467.88264799118,22.952009093409963,400.7317073170732,0.16577567501427523,2.9144287e-08
0.0,3.268292682926829,0.01017476,-2.9754639e-09,7862,1909829,6.7317073170731705,5.7176027,18551.69700050354,24.38961732236548,424.6341463414634,0.1715831485587583,-2.9754639e-09
0.0,3.268292682926829,0.008933204,1.3580323e-08,7903,1919932,6.7317073170731705,5.8152127,18651.08732008934,23.6701998832378,412.4390243902439,0.1667856973715368,1.3580323e-08
0.0,3.2439024390243905,0.008933196,1.0223388e-08,7944,1929963,6.7560975609756095,5.9128036,18743.127813577652,24.239284223324248,422.4390243902439,0.17311093627065305,1.0223388e-08
0.0,3.1707317073170733,0.008933204,7.858277e-09,7985,1939976,6.829268292682927,6.010416,18836.040105104446,22.621814419981543,398.5365853658537,0.1629718574108818,7.858277e-09
0.0,3.0714285714285716,0.008933196,3.5858154e-09,8027,1949801,6.928571428571429,6.10795,18932.608086824417,21.298724485463463,373.3333333333333,0.15112966398680686,3.5858154e-09
0.0,3.7142857142857144,0.008933196,3.5858154e-09,8069,1959843,6.285714285714286,6.10795,19032.097432613373,22.939724042455254,396.9047619047619,0.1618932178932179,3.5858154e-09
0.0,2.761904761904762,0.010174751,2.9830932e-08,8111,1969897,7.238095238095238,6.010416,19124.416301965714,22.465663613262596,391.1904761904762,0.1622134646962233,2.9830932e-08
0.0,3.142857142857143,0.010174863,4.2037964e-08,8153,1979935,6.857142857142857,5.9128036,19227.263815164566,21.966768357917648,383.3333333333333,0.15411992945326275,4.2037964e-08
0.0,3.5121951219512195,0.008933204,1.8157959e-08,8194,1989952,6.487804878048781,6.010416,19319.759962320328,23.842989028561647,419.5121951219512,0.17181635581061694,1.8157959e-08
0.0,2.7,0.008933196,1.0986328e-08,8234,1999761,7.3,6.10795,19416.311247110367,22.300852279587694,386.25,0.15676610169491526,1.0986328e-08
0.0,3.2439024390243905,0.01017476,1.2359619e-08,8275,2009774,6.7560975609756095,6.010416,19508.279227733612,22.583728640248832,395.609756097561,0.16180112570356475,1.2359619e-08
0.0,3.0,0.008933102,4.8828124e-09,8318,2019811,7.0,6.10795,19601.067440986633,22.816813459236865,400.93023255813955,0.16505869324473973,4.8828124e-09
0.0,3.6904761904761907,0.008933102,4.8828124e-09,8360,2029863,6.309523809523809,6.10795,19688.120887994766,22.624260581875642,392.85714285714283,0.16068851288641395,4.8828124e-09
0.0,3.3095238095238093,0.00893351,6.7138672e-09,8402,2039903,6.690476190476191,6.205567,19784.307849884033,23.10565867792713,401.6666666666667,0.1664778396206968,6.7138672e-09
0.0,3.4761904761904763,0.008933204,-2.746582e-09,8444,2049955,6.523809523809524,6.3032093,19879.326104164124,22.900531393060586,397.3809523809524,0.16204395604395602,-2.746582e-09
0.0,3.1951219512195124,0.00014996529,-4.8828124e-09,8485,2059958,6.804878048780488,6.2910037,19975.322309970856,23.027996349867035,404.6341463414634,0.1618536585365854,-4.8828124e-09
0.0,3.4878048780487805,0.010174871,-7.3242186e-09,8526,2069770,6.512195121951219,6.1933618,20070.237983703613,23.331758147474403,402.4390243902439,0.16142005420054198,-7.3242186e-09
0.0,3.4285714285714284,0.008933102,1.34277345e-08,8568,2079820,6.571428571428571,6.2910037,20160.780734300613,22.750413931661715,390.7142857142857,0.17279094900371494,1.34277345e-08
0.0,3.1777777777777776,0.010174871,1.6479492e-08,8613,2089995,6.822222222222222,6.1933618,20254.697698116302,21.729964238473165,378.6666666666667,0.15782778133386743,1.6479492e-08
0.0,4.170731707317073,0.008933102,1.8615722e-08,8654,2099797,5.829268292682927,6.2910037,20345.432069778442,27.379179367038777,473.4146341463415,0.19136684917869587,1.8615722e-08
0.0,3.55,0.008933204,8.544922e-09,8694,2109797,6.45,6.388622,20434.74190926552,22.924919308982993,401.75,0.16069999999999995,8.544922e-09
0.0,3.5714285714285716,0.01017476,8.697509e-09,8736,2119871,6.428571428571429,6.2910037,20526.302418231964,23.826005041258927,413.8095238095238,0.16810359231411862,8.697509e-09
0.0,3.1707317073170733,0.008933102,6.1035155e-10,8777,2129882,6.829268292682927,6.388622,20626.944428682327,23.07933633406321,398.0487804878049,0.16133924611973394,6.1035155e-10
0.0,3.302325581395349,0.010174871,1.2207031e-08,8820,2139790,6.6976744186046515,6.291003,20717.53954768181,22.878692209881795,392.3255813953488,0.16697964477944252,1.2207031e-08
0.0,3.575,0.008933102,1.9226075e-08,8860,2149790,6.425,6.388622,20818.902109861374,24.85373638218146,431.25,0.17250000000000001,1.9226075e-08
0.0,3.7142857142857144,0.010174863,-1.5258789e-09,8902,2159968,6.285714285714286,6.291003,20919.77212357521,24.13320049398709,417.6190476190476,0.1698613302171584,-1.5258789e-09
0.0,3.4390243902439024,0.01017476,2.3040771e-08,8943,2169754,6.560975609756097,6.1933618,21015.606993198395,22.743683580353785,398.5365853658537,0.1606007702182285,2.3040771e-08
0.0,2.8181818181818183,0.010174781,2.5177002e-08,8987,2179854,7.181818181818182,6.095745,21113.91485095024,22.044396361615323,382.72727272727275,0.16256826264276011,2.5177002e-08
0.0,3.261904761904762,5.9604645e-08,-1.9836426e-09,9029,2189898,6.738095238095238,6.095985,21221.420645713806,23.732393366077037,412.6190476190476,0.16914285714285715,-1.9836426e-09
0.0,3.25,0.008933196,1.4648437e-08,9069,2199898,6.75,6.1933618,21317.039350271225,24.982059053023814,430.25,0.17209999999999998,1.4648437e-08
0.0,3.325,0.010175116,5.79834e-09,9109,2209898,6.675,6.095745,21415.05423974991,24.879376341880047,431.75,0.17270000000000002,5.79834e-09
0.0,3.4,0.0,1.373291e-09,9149,2219898,6.6,6.095651,21520.068844795227,24.713107483714317,430.25,0.17210000000000003,1.373291e-09
0.0,3.522727272727273,0.008933102,2.8686523e-08,9193,2229988,6.4772727272727275,6.193361,21619.09518647194,24.101962417622097,420.45454545454544,0.1757989836250706,2.8686523e-08
0.0,3.175,0.008933102,2.8686523e-08,9233,2239763,6.825,6.193361,21712.366498708725,23.676043540176458,411.25,0.1681,2.8686523e-08
0.0,3.511627906976744,0.008933204,9.155274e-09,9276,2249800,6.488372093023256,6.291003,21806.177242279053,23.62430159591737,410.4651162790698,0.1738329724131438,9.155274e-09
0.0,3.1463414634146343,0.008933102,3.3569336e-09,9317,2259841,6.853658536585366,6.388622,21898.845451116562,23.188423975826325,406.5853658536585,0.1656180844735277,3.3569336e-09
0.0,3.7142857142857144,0.008933102,1.4343262e-08,9359,2269865,6.285714285714286,6.486143,21992.62179350853,24.67044069796449,425.95238095238096,0.17418648018648022,1.4343262e-08
0.0,4.0,0.008933204,8.0871585e-09,9400,2279872,6.0,6.5836906,22077.97238135338,25.705642908425723,448.780487804878,0.17951219512195124,8.0871585e-09
0.0,3.142857142857143,0.010174751,-1.4648437e-08,9442,2289902,6.857142857142857,6.486143,22169.8900578022,21.671973833612515,377.14285714285717,0.15746938775510205,-1.4648437e-08
0.0,3.357142857142857,0.010174751,-1.4648437e-08,9484,2299946,6.642857142857143,6.486143,22266.88190150261,23.691325626116264,410.95238095238096,0.17162393162393164,-1.4648437e-08
0.0,2.8863636363636362,5.9604645e-08,3.0517577e-10,9528,2309994,7.113636363636363,6.4863286,22366.765172481537,22.029141347402312,382.72727272727275,0.15640669856459333,3.0517577e-10
0.0,2.725,0.00893351,5.79834e-09,9568,2319994,7.275,6.5836906,22467.900854587555,22.884429507255074,401.25,0.16049999999999998,5.79834e-09
0.0,3.35,0.00893351,5.79834e-09,9608,2329994,6.65,6.5836906,22562.742792606354,23.706998321589587,414.75,0.1659,5.79834e-09
0.0,3.5,0.008933196,1.1062622e-08,9648,2339761,6.5,6.6813073,22664.47988152504,23.686351310000948,403.5,0.1627705882352941,1.1062622e-08
0.0,3.0,0.008933196,-7.019043e-09,9692,2349861,7.0,6.778854,22757.39649271965,22.84759763132424,391.59090909090907,0.1626908906250687,-7.019043e-09
0.0,3.3902439024390243,0.010174863,-6.1035155e-10,9733,2359906,6.609756097560975,6.6813073,22854.71152281761,23.052196481471487,403.4146341463415,0.1618102981029811,-6.1035155e-10
0.0,3.25,0.008933102,-3.3569336e-09,9773,2369906,6.75,6.778854,22945.68970966339,23.640156530570515,406.75,0.1627,-3.3569336e-09
0.0,3.5714285714285716,-2.9802322e-08,4.272461e-09,9815,2379765,6.428571428571429,6.7791195,23067.947829961777,24.551714252106535,423.0952380952381,0.1755624918101528,4.272461e-09
0.0,3.8536585365853657,0.0023053885,7.93457e-09,9856,2389840,6.146341463414634,6.8276725,23161.048680782318,24.707989139563825,427.8048780487805,0.17453658536585367,7.93457e-09
0.0,3.3488372093023258,0.008933196,-9.841919e-09,9899,2399895,6.651162790697675,6.925294,23260.68005490303,22.663935681317582,394.8837209302326,0.1654573643410853,-9.841919e-09
0.0,3.707317073170732,0.01017476,3.967285e-09,9940,2409938,6.2926829268292686,6.8276725,23349.79906630516,25.288161937966635,438.780487804878,0.17692115711854792,3.967285e-09
0.0,3.425,0.01017476,3.967285e-09,9980,2419938,6.575,6.8276725,23439.571644067764,23.484257684748805,409.5,0.1638,3.967285e-09
0.0,3.357142857142857,0.01017476,3.967285e-09,10022,2429964,6.642857142857143,6.8276725,23527.07846903801,22.701279466572107,391.9047619047619,0.1609004329004329,3.967285e-09
0.0,2.840909090909091,0.01017476,3.967285e-09,10066,2439781,7.159090909090909,6.8276725,23618.599919319153,21.762025297742802,376.8181818181818,0.17203395541194583,3.967285e-09
0.0,3.4634146341463414,0.010174781,6.561279e-09,10107,2449836,6.536585365853658,6.730125,23708.553844690323,24.61291340525978,430.4878048780488,0.17392461197339246,6.561279e-09
0.0,3.4285714285714284,0.00058567524,6.4086914e-09,10149,2459906,6.571428571428571,6.7545376,23805.98523044586,23.788304876090496,408.57142857142856,0.16677719940877833,6.4086914e-09
0.0,3.119047619047619,0.008933204,8.8500975e-09,10191,2469914,6.880952380952381,6.8520627,23902.722299814224,22.543015074437353,394.5238095238095,0.17349206349206348,8.8500975e-09
0.0,3.1219512195121952,0.008933204,1.2588501e-08,10232,2479969,6.878048780487805,6.949706,23993.87378334999,24.041828588076346,412.9268292682927,0.16793791574279376,1.2588501e-08
0.0,3.45,0.008933204,1.2588501e-08,10272,2489969,6.55,6.949706,24086.715868234634,24.68955033177112,427.0,0.1708,1.2588501e-08
0.0,3.1951219512195124,0.008933204,1.2588501e-08,10313,2499823,6.804878048780488,6.949706,24175.20103096962,23.957719765061768,412.4390243902439,0.16771740958788894,1.2588501e-08
0.0,3.4878048780487805,0.010174781,0.0,10354,2509848,6.512195121951219,6.8520627,24270.89717888832,24.601778318872196,428.2926829268293,0.17307317073170733,0.0
0.0,3.4523809523809526,0.010174781,0.0,10396,2519870,6.5476190476190474,6.8520627,24361.10772371292,22.095644129542194,384.5238095238095,0.1580960520960521,0.0
0.0,3.35,0.008933204,7.629395e-09,10436,2529870,6.65,6.949706,24455.122834444046,23.163151608238188,398.5,0.15940000000000001,7.629395e-09
0.0,3.1627906976744184,0.008933204,8.163452e-09,10479,2539764,6.837209302325581,7.047329,24546.761646986008,23.45319408878927,399.06976744186045,0.16853096420172464,8.163452e-09
0.0,3.111111111111111,0.010174863,7.93457e-09,10524,2549937,6.888888888888889,6.949706,24642.899031162262,22.987981154680288,395.3333333333333,0.1677506122414677,7.93457e-09
0.0,3.926829268292683,0.010174863,7.93457e-09,10565,2559956,6.073170731707317,6.949706,24725.6447327137,25.080803970430452,437.8048780487805,0.17868035943517327,7.93457e-09
0.0,3.45,0.008933102,1.373291e-09,10605,2569956,6.55,7.047329,24816.652055501938,24.774792728451953,424.25,0.1697,1.373291e-09
0.0,2.9047619047619047,0.010174781,1.2512207e-08,10647,2579923,7.095238095238095,6.949706,24904.994240045547,21.531954300412956,377.3809523809524,0.15648613847990683,1.2512207e-08
0.0,3.5853658536585367,0.010174781,1.586914e-08,10688,2589930,6.414634146341464,6.8520627,24999.339743614197,24.207515621734068,418.0487804878049,0.16721951219512196,1.586914e-08
0.0,2.7560975609756095,0.008933204,1.5258789e-10,10729,2599939,7.2439024390243905,6.949706,25091.38754272461,21.821003881228023,385.609756097561,0.15424390243902436,1.5258789e-10
0.0,3.1363636363636362,0.008933204,2.1362305e-09,10773,2609786,6.863636363636363,7.047329,25191.66122841835,21.974258015888722,377.95454545454544,0.16747171605311142,2.1362305e-09
0.0,3.55,0.008933204,2.1362305e-09,10813,2619786,6.45,7.047329,25282.451498031616,24.701683226573657,426.5,0.17059999999999995,2.1362305e-09
0.0,2.9318181818181817,0.010174751,9.155273e-10,10857,2629878,7.068181818181818,6.949706,25383.393796682358,21.64832310353186,376.3636363636364,0.15902846847438878,9.155273e-10
0.0,3.0714285714285716,0.010174863,-4.6539306e-09,10899,2639910,6.928571428571429,6.8520627,25481.1953830719,22.310585394738098,390.0,0.15949022314239705,-4.6539306e-09
0.0,2.2325581395348837,0.008933196,1.19018555e-08,10942,2649754,7.767441860465116,6.949706,25578.89979839325,20.93160617475558,360.69767441860466,0.1496977449620241,1.19018555e-08
0.0,3.2325581395348837,0.010174863,7.6293943e-10,10985,2659889,6.767441860465116,6.8520627,25675.381653547287,22.999433477127813,397.90697674418607,0.16388260701539023,7.6293943e-10
0.0,3.4878048780487805,0.008933196,-3.0517577e-09,11026,2669900,6.512195121951219,6.949706,25770.47324872017,24.735434242074973,429.2682926829268,0.1738270509977827,-3.0517577e-09
0.0,3.2,0.008933196,-3.0517577e-09,11071,2679792,6.8,6.949706,25858.01687169075,22.12625102800632,384.6666666666667,0.16360111842388267,-3.0517577e-09
0.0,3.341463414634146,0.008933204,-1.5258789e-09,11112,2689819,6.658536585365853,7.047329,25952.41797876358,23.292519504634615,407.5609756097561,0.1662475158084914,-1.5258789e-09
0.0,3.3636363636363638,0.010174863,1.03759765e-08,11156,2699911,6.636363636363637,6.949706,26044.065454006195,22.961550883202833,400.45454545454544,0.16411384662435965,1.03759765e-08
0.0,3.4,0.008933204,-2.4414062e-09,11196,2709911,6.6,7.047329,26132.04950070381,25.462038232388426,439.5,0.1758,-2.4414062e-09
0.0,3.761904761904762,0.008933204,1.373291e-09,11238,2719880,6.238095238095238,7.1448827,26220.92560696602,23.904157904231674,407.14285714285717,0.16508692365835223,1.373291e-09
0.0,3.5238095238095237,0.008933204,1.373291e-09,11280,2729914,6.476190476190476,7.1448827,26312.376184940338,22.76316432631533,393.8095238095238,0.1601737677527152,1.373291e-09
0.0,2.9069767441860463,0.008933204,1.373291e-09,11323,2739967,7.093023255813954,7.1448827,26396.56142950058,22.499945017880922,388.3720930232558,0.1620848153214774,1.373291e-09
0.0,3.55,0.008933204,1.373291e-09,11363,2749804,6.45,7.1448827,26490.924198150635,25.281489317077554,436.25,0.1769356321839081,1.373291e-09
0.0,3.268292682926829,0.008933204,1.373291e-09,11404,2759813,6.7317073170731705,7.1448827,26573.945764780045,22.569515360202534,391.9512195121951,0.15678048780487805,1.373291e-09
0.0,3.707317073170732,0.0023052692,-7.6293943e-10,11445,2769834,6.2926829268292686,7.193703,26666.43866586685,24.164503409605214,420.4878048780488,0.16925900116144021,-7.6293943e-10
0.0,2.9285714285714284,0.0023052692,-7.6293943e-10,11487,2779960,7.071428571428571,7.193703,26752.706523180008,23.759630837686235,410.7142857142857,0.16945996860282575,-7.6293943e-10
0.0,3.1463414634146343,0.008933204,3.1280518e-09,11528,2789754,6.853658536585366,7.291329,26848.112981557846,22.75058020380111,394.390243902439,0.1577560975609756,3.1280518e-09
0.0,3.2142857142857144,0.008933204,3.1280518e-09,11570,2799934,6.785714285714286,7.291329,26934.218143939972,24.16520160254819,414.76190476190476,0.1702266734566853,3.1280518e-09
0.0,3.341463414634146,0.008933204,3.1280518e-09,11611,2809754,6.658536585365853,7.291329,27022.393696546555,24.42954373949651,427.0731707317073,0.17579248805103695,3.1280518e-09
0.0,3.9047619047619047,0.008933204,5.79834e-09,11653,2819832,6.095238095238095,7.3888125,27105.868868350983,26.515029492897742,457.6190476190476,0.1879664972708451,5.79834e-09
0.0,3.0,0.010174781,-1.5258789e-09,11696,2829812,7.0,7.291329,27193.521687984467,21.47056323610011,372.09302325581393,0.1589124831284863,-1.5258789e-09
0.0,3.525,0.010174781,-1.5258789e-09,11736,2839812,6.475,7.291329,27274.87130689621,24.515546581479335,425.0,0.17,-1.5258789e-09
0.0,3.119047619047619,0.010174781,-1.5258789e-09,11778,2849852,6.880952380952381,7.291329,27353.940212488174,22.972651761206304,394.76190476190476,0.1636825396825397,-1.5258789e-09
0.0,3.022727272727273,0.0024602725,1.0070801e-08,11822,2859970,6.9772727272727275,7.2425075,27438.000240564346,22.619757609914455,389.3181818181818,0.166572192513369,1.0070801e-08
0.0,3.1219512195121952,0.008933204,-3.6621093e-09,11863,2869990,6.878048780487805,7.3400154,27519.732963323593,23.53367255536674,407.8048780487805,0.1661031772473704,-3.6621093e-09
0.0,3.1219512195121952,0.008933204,-3.6621093e-09,11904,2879820,6.878048780487805,7.3400154,27596.239783763885,23.288056747677373,401.9512195121951,0.1631757402302237,-3.6621093e-09
0.0,2.6744186046511627,0.008933204,-3.6621093e-09,11947,2889888,7.325581395348837,7.3400154,27682.80381155014,21.63094886854714,374.4186046511628,0.15741068439151998,-3.6621093e-09
0.0,3.2857142857142856,0.01017476,9.155273e-10,11989,2899912,6.714285714285714,7.2425075,27773.938463687897,22.892809548468488,397.6190476190476,0.1628531468531469,9.155273e-10
0.0,3.731707317073171,0.01017476,9.155273e-10,12030,2909979,6.2682926829268295,7.2425075,27860.146879911423,23.807072539614094,414.8780487804878,0.1680829996359665,9.155273e-10
0.0,3.25,0.01017476,9.155273e-10,12070,2919979,6.75,7.2425075,27942.032505512238,23.710451522957033,409.75,0.1639,9.155273e-10
0.0,3.292682926829268,0.01017476,9.155273e-10,12111,2929793,6.7073170731707314,7.2425075,28026.5822865963,22.56534690530899,392.1951219512195,0.1613615282950859,9.155273e-10
0.0,3.4047619047619047,0.008933204,-3.6621093e-09,12153,2939843,6.595238095238095,7.3400154,28108.217187166214,24.157979843008178,420.7142857142857,0.17254015169286102,-3.6621093e-09
0.0,3.658536585365854,0.008933204,3.0517577e-10,12194,2949860,6.341463414634147,7.437631,28190.734558820724,25.017270160021216,431.219512195122,0.17516212338593973,3.0517577e-10
0.0,3.15,0.008933204,2.746582e-09,12234,2959860,6.85,7.5351906,28266.176319360733,24.05165205326197,420.75,0.16829999999999998,2.746582e-09
0.0,3.925,0.008933204,2.746582e-09,12274,2969860,6.075,7.5351906,28341.751150369644,26.794994689395217,461.75,0.1847,2.746582e-09
0.0,3.425,0.008933204,2.746582e-09,12314,2979860,6.575,7.5351906,28415.528522491455,24.911079960173772,431.5,0.17260000000000003,2.746582e-09
0.0,3.268292682926829,0.008933204,2.746582e-09,12355,2989885,6.7317073170731705,7.5351906,28484.954576015472,23.662948820133764,410.9756097560976,0.1679024390243902,2.746582e-09
0.0,3.2857142857142856,0.008933196,-5.79834e-09,12397,2999969,6.714285714285714,7.632813,28560.463945150375,23.939014912517973,417.85714285714283,0.1730106748352362,-5.79834e-09
0.0,3.6097560975609757,0.008933196,-5.79834e-09,12438,3009789,6.390243902439025,7.632813,28632.490167856216,24.99241250642319,433.1707317073171,0.17749986156208306,-5.79834e-09
0.0,3.0232558139534884,0.008933196,-5.79834e-09,12481,3019854,6.976744186046512,7.632813,28706.12687778473,22.80260159824338,391.86046511627904,0.16563390587380794,-5.79834e-09
0.0,3.707317073170732,0.008933416,-1.6784668e-09,12522,3029895,6.2926829268292686,7.7304587,28785.63930130005,25.45151872642069,436.0975609756098,0.17642831647828672,-1.6784668e-09
0.0,3.7,0.008933416,-1.6784668e-09,12562,3039895,6.3,7.7304587,28858.413148880005,25.165298989688303,437.75,0.1751,-1.6784668e-09
0.0,2.977777777777778,0.008933416,-1.6784668e-09,12607,3049976,7.022222222222222,7.7304587,28935.566108703613,21.379677731864014,374.6666666666667,0.15874907223222084,-1.6784668e-09
0.0,3.35,0.008933416,-1.6784668e-09,12647,3059976,6.65,7.7304587,29008.931806087494,24.118385629070552,419.0,0.1676,-1.6784668e-09
0.0,2.7674418604651163,0.008933416,-1.6784668e-09,12690,3069848,7.232558139534884,7.7304587,29086.599130630493,20.87104833744107,362.7906976744186,0.15327358060912877,-1.6784668e-09
0.0,2.8181818181818183,0.008933416,-1.6784668e-09,12734,3079998,7.181818181818182,7.7304587,29161.201399326324,21.74207737144331,373.1818181818182,0.15457501693875925,-1.6784668e-09
0.0,3.073170731707317,0.008933416,-1.6784668e-09,12775,3089774,6.926829268292683,7.7304587,29233.749007940292,21.833259585906806,380.2439024390244,0.1532836970474968,-1.6784668e-09
0.0,3.488372093023256,0.008933416,-1.6784668e-09,12818,3099829,6.511627906976744,7.7304587,29304.52238702774,23.19073449362393,405.8139534883721,0.18051704313638214,-1.6784668e-09
0.0,3.1136363636363638,0.008933416,-1.6784668e-09,12862,3109860,6.886363636363637,7.7304587,29375.481954097748,22.110196402226933,384.3181818181818,0.1685078255078255,-1.6784668e-09
0.0,3.738095238095238,0.008933416,-1.6784668e-09,12904,3119934,6.261904761904762,7.7304587,29445.497723817825,24.15434014832703,418.8095238095238,0.16986496090973707,-1.6784668e-09
0.0,3.1219512195121952,0.008933416,-1.6784668e-09,12945,3129967,6.878048780487805,7.7304587,29517.316032886505,23.250807644147315,404.6341463414634,0.164419807834442,-1.6784668e-09
0.0,3.4146341463414633,0.008933416,-1.6784668e-09,12986,3139972,6.585365853658536,7.7304587,29588.144708633423,25.280404028415433,430.7317073170732,0.17707317073170736,-1.6784668e-09
0.0,3.475,0.008933416,-1.6784668e-09,13026,3149972,6.525,7.7304587,29662.618449687958,24.089265587007528,416.5,0.16660000000000003,-1.6784668e-09
0.0,3.675,0.008933416,-1.6784668e-09,13066,3159753,6.325,7.7304587,29734.976933002472,24.55589177211173,419.5,0.1706258064516129,-1.6784668e-09
0.0,3.744186046511628,0.008933416,-1.6784668e-09,13109,3169850,6.255813953488372,7.7304587,29809.186566114426,23.808651438774675,410.2325581395349,0.1700062891964397,-1.6784668e-09
0.0,3.375,0.008933416,-1.6784668e-09,13149,3179850,6.625,7.7304587,29883.37714767456,23.82674011725775,405.75,0.16230000000000003,-1.6784668e-09
0.0,2.9047619047619047,0.008933416,-1.6784668e-09,13191,3189910,7.095238095238095,7.7304587,29955.32120203972,21.867753042192653,385.95238095238096,0.1557938111271445,-1.6784668e-09
0.0,3.4651162790697674,0.008933416,-1.6784668e-09,13234,3199931,6.534883720930233,7.7304587,30027.173771381378,23.296499056503045,402.09302325581393,0.17098708010335917,-1.6784668e-09
0.0,3.2195121951219514,0.008933416,-1.6784668e-09,13275,3209753,6.780487804878049,7.7304587,30100.088030338287,22.34587746755672,384.8780487804878,0.16066700778895898,-1.6784668e-09
0.0,3.046511627906977,0.008933416,-1.6784668e-09,13318,3219782,6.953488372093023,7.7304587,30171.353352546692,22.595148975108877,390.0,0.15849095607235145,-1.6784668e-09
0.0,3.4761904761904763,0.010174744,1.2512207e-08,13360,3229816,6.523809523809524,7.632814,30248.5573990345,23.868373358663796,417.3809523809524,0.17613927291346645,1.2512207e-08
0.0,2.926829268292683,0.008933204,5.41687e-09,13401,3239837,7.073170731707317,7.7304587,30319.860257864,21.69851806577359,380.4878048780488,0.15645063879210222,5.41687e-09
0.0,3.525,0.008933204,-7.247925e-09,13441,3249837,6.475,7.8280845,30394.270489931107,24.27064622843035,421.75,0.16870000000000002,-7.247925e-09
0.0,3.3488372093023258,0.008933204,-7.247925e-09,13484,3259880,6.651162790697675,7.8280845,30464.41369485855,23.5848517202539,405.1162790697674,0.16453746770025837,-7.247925e-09
0.0,3.125,0.008933204,-7.247925e-09,13524,3269880,6.875,7.8280845,30535.21731519699,22.710454988224846,397.75,0.15909999999999996,-7.247925e-09
0.0,3.1627906976744184,0.008933204,-7.247925e-09,13567,3279979,6.837209302325581,7.8280845,30607.49326133728,22.76972745276,396.9767441860465,0.16949658656893646,-7.247925e-09
0.0,2.8372093023255816,0.008933204,-7.247925e-09,13610,3289783,7.162790697674419,7.8280845,30679.134834051132,22.364541142283397,384.4186046511628,0.16500116667962977,-7.247925e-09
0.0,3.380952380952381,0.008933204,-7.247925e-09,13652,3299849,6.619047619047619,7.8280845,30751.52451443672,23.12126256337483,406.1904761904762,0.16494269572235676,-7.247925e-09
0.0,3.4146341463414633,0.008933204,-7.247925e-09,13693,3309892,6.585365853658536,7.8280845,30825.648067474365,23.63584679994412,410.2439024390244,0.16691548496880318,-7.247925e-09
0.0,3.357142857142857,0.008933204,-7.247925e-09,13735,3319902,6.642857142857143,7.8280845,30896.67044854164,24.19077226988588,425.23809523809524,0.17476190476190478,-7.247925e-09
0.0,3.317073170731707,0.008933204,-7.247925e-09,13776,3329915,6.682926829268292,7.8280845,30973.851970911026,23.357632318460826,406.3414634146341,0.16253658536585364,-7.247925e-09
0.0,2.953488372093023,0.0023053885,-1.1444092e-08,13819,3339769,7.046511627906977,7.8768287,31048.299275398254,21.180353350746284,366.27906976744185,0.14920214669051876,-1.1444092e-08
0.0,2.975609756097561,0.008933102,-8.8500975e-09,13860,3349778,7.024390243902439,7.974451,31129.06578731537,21.86326734454966,379.7560975609756,0.1545149051490515,-8.8500975e-09
0.0,2.8333333333333335,9.298325e-06,-5.493164e-09,13902,3359798,7.166666666666667,7.9775014,31209.962370157242,22.94947875362099,401.6666666666667,0.16831746031746034,-5.493164e-09
0.0,3.5,9.298325e-06,-5.493164e-09,13944,3369836,6.5,7.9775014,31285.03506207466,23.48010037017701,406.6666666666667,0.1670876350540216,-5.493164e-09
0.0,3.0714285714285716,9.298325e-06,-5.493164e-09,13986,3379862,6.928571428571429,7.9775014,31358.71947336197,22.907328917551972,395.95238095238096,0.16185347985347984,-5.493164e-09
0.0,3.0,9.298325e-06,-5.493164e-09,14029,3389911,7.0,7.9775014,31436.60629606247,22.170310186755845,384.1860465116279,0.16035201107969302,-5.493164e-09
0.0,3.5365853658536586,9.298325e-06,-5.493164e-09,14070,3399936,6.463414634146342,7.9775014,31511.116084575653,23.646341229640086,404.8780487804878,0.16458536585365854,-5.493164e-09
0.0,3.4634146341463414,9.298325e-06,-5.493164e-09,14111,3409786,6.536585365853658,7.9775014,31590.697319746017,23.40048337126366,406.8292682926829,0.16983174007564253,-5.493164e-09
0.0,3.2439024390243905,0.010174863,1.953125e-08,14152,3419837,6.7560975609756095,7.87988,31665.23647928238,24.10645491790469,418.2926829268293,0.16883978957436632,1.953125e-08
0.0,3.4047619047619047,0.010174863,1.953125e-08,14194,3429867,6.595238095238095,7.87988,31738.830132246017,23.347300500254416,402.14285714285717,0.16201503759398495,1.953125e-08
0.0,3.272727272727273,0.010174863,1.953125e-08,14238,3439993,6.7272727272727275,7.87988,31810.795404195786,23.507801904608097,410.0,0.17536787732674328,1.953125e-08
0.0,3.4634146341463414,0.010174863,1.953125e-08,14279,3449803,6.536585365853658,7.87988,31881.981372356415,24.064731883725653,420.2439024390244,0.17484520962856687,1.953125e-08
0.0,3.5681818181818183,0.010174863,1.953125e-08,14323,3459847,6.431818181818182,7.87988,31953.333420038223,22.678517479750454,398.8636363636364,0.1761429265921244,1.953125e-08
0.0,3.341463414634146,0.008933416,-6.7138672e-09,14364,3469856,6.658536585365853,7.9775014,32028.97903418541,24.358246882620538,417.5609756097561,0.16963685636856365,-6.7138672e-09
0.0,3.1739130434782608,0.008933416,-6.7138672e-09,14410,3479817,6.826086956521739,7.9775014,32102.75957584381,21.845890515822823,373.9130434782609,0.169973446614207,-6.7138672e-09
0.0,3.2857142857142856,0.008933416,-6.7138672e-09,14452,3489871,6.714285714285714,7.9775014,32179.595418930054,24.29635760288551,419.04761904761904,0.17527093596059118,-6.7138672e-09
0.0,3.15,5.9604645e-08,1.4038086e-08,14492,3499871,6.85,7.977204,32264.4686961174,24.38638102692114,419.5,0.1678,1.4038086e-08
0.0,3.35,5.9604645e-08,1.4038086e-08,14532,3509871,6.65,7.977204,32338.936594247818,23.499307741143646,404.75,0.1619,1.4038086e-08
0.0,3.3658536585365852,5.9604645e-08,1.4038086e-08,14573,3519884,6.634146341463414,7.977204,32410.667197465897,23.778420351116683,411.4634146341463,0.16458536585365852,1.4038086e-08
0.0,2.95,5.9604645e-08,1.4038086e-08,14613,3529884,7.05,7.977204,32483.988270044327,23.731152708411834,413.5,0.16539999999999996,1.4038086e-08
0.0,3.1818181818181817,0.008933102,-1.0070801e-08,14657,3539839,6.818181818181818,8.074826,32556.883699655533,21.915390818733187,380.6818181818182,0.15760048338041363,-1.0070801e-08
0.0,4.4,0.008933102,-1.0070801e-08,14697,3549839,5.6,8.074826,32629.420687913895,26.36070029236755,457.5,0.183,-1.0070801e-08
0.0,3.2045454545454546,0.008933102,-1.0070801e-08,14741,3559893,6.795454545454546,8.074826,32700.536132097244,23.853523150157105,410.0,0.17653724436483056,-1.0070801e-08
0.0,3.225,0.008933102,-1.0070801e-08,14781,3569893,6.775,8.074826,32770.92964577675,24.142245607495475,417.75,0.1671,-1.0070801e-08
0.0,3.2439024390243905,0.008933102,-1.0070801e-08,14822,3579912,6.7560975609756095,8.074826,32844.206635951996,23.430098737317063,407.3170731707317,0.16529910141206677,-1.0070801e-08
0.0,3.2195121951219514,0.008933102,-1.0070801e-08,14863,3589941,6.780487804878049,8.074826,32916.81176495552,23.874772074031988,418.2926829268293,0.1695475189234651,-1.0070801e-08
0.0,3.3095238095238093,0.008933102,-1.0070801e-08,14905,3599983,6.690476190476191,8.074826,32989.928297281265,23.92709619545473,424.04761904761904,0.1721904761904762,-1.0070801e-08
0.0,2.682926829268293,0.008933102,-1.0070801e-08,14946,3609787,7.317073170731708,8.074826,33061.19494342804,23.081484562566754,399.5121951219512,0.16517366587199706,-1.0070801e-08
0.0,3.2,0.008933102,-1.0070801e-08,14986,3619787,6.8,8.074826,33132.47136592865,23.816963351167253,419.25,0.16770000000000002,-1.0070801e-08
0.0,2.926829268292683,0.008933102,-1.0070801e-08,15027,3629806,7.073170731707317,8.074826,33204.20893597603,21.646232465996018,378.2926829268293,0.15250320924261873,-1.0070801e-08
0.0,2.6904761904761907,0.008933102,-1.0070801e-08,15069,3639828,7.309523809523809,8.074826,33276.16681051254,22.56129200037561,396.9047619047619,0.1587619047619048,-1.0070801e-08
0.0,3.3181818181818183,0.008933102,-1.0070801e-08,15113,3649896,6.681818181818182,8.074826,33347.010679483414,23.662669432846027,407.5,0.17422740060357614,-1.0070801e-08
0.0,3.1463414634146343,0.008933102,-1.0070801e-08,15154,3659937,6.853658536585366,8.074826,33420.17343592644,24.36412111413237,423.6585365853659,0.1739393218322427,-1.0070801e-08
0.0,3.3902439024390243,0.008933102,-1.0070801e-08,15195,3669954,6.609756097560975,8.074826,33491.34973144531,23.69408465219067,410.9756097560976,0.1657274031563845,-1.0070801e-08
0.0,3.142857142857143,0.0001501441,1.7395019e-08,15237,3679990,6.857142857142857,8.062621,33572.81044960022,21.52648872251517,372.85714285714283,0.15623156553591336,1.7395019e-08
0.0,3.119047619047619,0.010174871,1.19018555e-08,15279,3689801,6.880952380952381,7.964997,33649.65996146202,21.62663256334956,375.0,0.16033340107024316,1.19018555e-08
0.0,3.380952380952381,0.010174744,1.2817383e-08,15321,3699859,6.619047619047619,7.8675213,33724.60072803497,24.096124218660965,415.23809523809524,0.1731491199654465,1.2817383e-08
0.0,3.5,0.010174744,1.2817383e-08,15363,3709913,6.5,7.8675213,33802.50806069374,23.866630546897497,415.7142857142857,0.17432739353669588,1.2817383e-08
0.0,3.3902439024390243,-2.9802322e-08,-1.0986328e-08,15404,3719920,6.609756097560975,7.867674,33887.253880023956,24.511628627048967,423.4146341463415,0.17275261324041813,-1.0986328e-08
0.0,3.0697674418604652,-2.9802322e-08,-1.0986328e-08,15447,3729943,6.930232558139535,7.867674,33964.58149218559,21.786955613150283,377.2093023255814,0.15088372093023256,-1.0986328e-08
0.0,3.0714285714285716,0.010174863,1.3122558e-08,15489,3739798,6.928571428571429,7.7698936,34041.043175935745,22.658909865937037,396.6666666666667,0.16476387081851568,1.3122558e-08
0.0,3.425,0.0023052692,-5.493164e-09,15529,3749798,6.575,7.818714,34118.49029493332,24.326196229028447,423.25,0.16929999999999998,-5.493164e-09
0.0,3.880952380952381,0.0023052692,-5.493164e-09,15571,3759820,6.119047619047619,7.818714,34193.95454740524,24.240724097078694,420.4761904761905,0.17546778711484592,-5.493164e-09
0.0,3.5365853658536586,0.0023052692,-5.493164e-09,15612,3769857,6.463414634146342,7.818714,34268.609825372696,23.372359508973087,404.6341463414634,0.1624152933421226,-5.493164e-09
0.0,2.8095238095238093,0.010174863,1.1367798e-08,15654,3779877,7.190476190476191,7.72115,34346.67678117752,22.027990757413335,385.23809523809524,0.1582337662337662,1.1367798e-08
0.0,3.7,0.010174863,1.1367798e-08,15694,3789877,6.3,7.72115,34419.260033130646,23.541834399281157,407.75,0.16309999999999997,1.1367798e-08
0.0,3.682926829268293,0.010174863,1.1367798e-08,15735,3799898,6.317073170731708,7.72115,34493.44623184204,24.6689004220318,431.219512195122,0.17355168408826946,1.1367798e-08
0.0,3.3902439024390243,0.010174863,1.1367798e-08,15776,3809913,6.609756097560975,7.72115,34569.76663136482,23.49062544953152,402.4390243902439,0.16250406504065038,1.1367798e-08
0.0,3.024390243902439,0.010174863,1.1367798e-08,15817,3819956,6.975609756097561,7.72115,34644.1236243248,22.66675647076302,396.8292682926829,0.16107997731140103,1.1367798e-08
0.0,3.4634146341463414,0.010174863,1.1367798e-08,15858,3829969,6.536585365853658,7.72115,34717.479558467865,23.385096185444866,403.6585365853659,0.16146341463414635,1.1367798e-08
0.0,2.8666666666666667,0.008933196,-5.340576e-09,15903,3839933,7.133333333333334,7.818714,34790.21551990509,21.730993317758305,375.77777777777777,0.16182909452907038,-5.340576e-09
0.0,3.5813953488372094,0.008933196,-5.340576e-09,15946,3849984,6.4186046511627906,7.818714,34863.32699298859,23.2791540279824,405.8139534883721,0.16847277952211162,-5.340576e-09
0.0,3.048780487804878,0.010174863,7.476807e-09,15987,3859764,6.951219512195122,7.72115,34936.55238246918,21.92085646039183,387.0731707317073,0.1558931475029036,7.476807e-09
0.0,3.625,0.010174863,7.476807e-09,16027,3869764,6.375,7.72115,35007.37764000893,23.545514216373295,408.75,0.16350000000000003,7.476807e-09
0.0,3.2195121951219514,0.00060510635,1.0986328e-08,16068,3879797,6.780487804878049,7.6967382,35082.55416703224,24.383326529947922,426.5853658536585,0.17127568366592755,1.0986328e-08
0.0,2.7804878048780486,0.00060510635,1.0986328e-08,16109,3889806,7.219512195121951,7.6967382,35154.41572833061,23.471275923040626,402.6829268292683,0.16368563685636855,1.0986328e-08
0.0,3.317073170731707,0.00060510635,1.0986328e-08,16150,3899817,6.682926829268292,7.6967382,35224.5736246109,23.51856086992873,403.6585365853659,0.1635831485587583,1.0986328e-08
0.0,3.2142857142857144,0.01017476,9.765625e-09,16192,3909845,6.785714285714286,7.599118,35297.47073531151,23.839160762658807,413.8095238095238,0.1681344537815126,9.765625e-09
0.0,3.2790697674418605,0.01017476,9.765625e-09,16235,3919890,6.72093023255814,7.599118,35368.61256861687,21.741732558319406,375.5813953488372,0.15124695459579182,9.765625e-09
0.0,3.85,0.0023053025,-7.476807e-09,16275,3929890,6.15,7.6479173,35445.055820941925,25.9366545801037,445.75,0.17830000000000004,-7.476807e-09
0.0,3.425,0.010174863,9.765625e-09,16315,3939890,6.575,7.550294,35519.80502343178,24.689616443583887,427.75,0.17109999999999997,9.765625e-09
0.0,2.9047619047619047,0.010174863,9.765625e-09,16357,3949763,7.095238095238095,7.550294,35596.37838435173,21.284098443474456,371.1904761904762,0.15674398047507293,9.765625e-09
0.0,3.2954545454545454,0.010174863,9.765625e-09,16401,3959929,6.704545454545454,7.550294,35673.42848062515,22.803130012386347,390.6818181818182,0.16892835184139532,9.765625e-09
0.0,3.1707317073170733,0.010174863,9.765625e-09,16442,3969769,6.829268292682927,7.550294,35746.3967192173,23.71693855813103,407.5609756097561,0.16771408600963836,9.765625e-09
0.0,3.4,0.008933102,-3.967285e-09,16482,3979769,6.6,7.6479173,35821.75770807266,25.36835820905518,445.5,0.17820000000000003,-3.967285e-09
0.0,3.1463414634146343,0.008933102,-3.967285e-09,16523,3989786,6.853658536585366,7.6479173,35897.48896288872,22.4961832525382,389.2682926829268,0.15838163558106175,-3.967285e-09
0.0,3.186046511627907,0.010174863,7.629395e-09,16566,3999809,6.813953488372093,7.550294,35972.9810192585,23.22655114010797,405.3488372093023,0.16712144702842377,7.629395e-09
0.0,3.292682926829268,0.010174863,7.629395e-09,16607,4009836,6.7073170731707314,7.550294,36045.27135634422,23.857800532926063,409.5121951219512,0.16541644083107496,7.629395e-09
0.0,3.325,0.010174863,7.629395e-09,16647,4019836,6.675,7.550294,36114.99969434738,23.845030849129234,413.0,0.16519999999999996,7.629395e-09
0.0,3.1333333333333333,0.010174863,7.629395e-09,16692,4029995,6.866666666666666,7.550294,36190.55431866646,22.052881843278946,378.8888888888889,0.16107524916385876,7.629395e-09
0.0,4.05,0.010174863,9.155274e-09,16732,4039898,5.95,7.45267,36262.65541815758,25.994577500922937,449.25,0.18077777777777776,9.155274e-09
0.0,2.926829268292683,0.010174863,9.155274e-09,16773,4049913,7.073170731707317,7.45267,36333.501101732254,23.379343243783527,404.8780487804878,0.1650081300813008,9.155274e-09
0.0,3.0952380952380953,0.010174863,9.155274e-09,16815,4059971,6.904761904761905,7.45267,36403.88865828514,22.60560907860528,394.2857142857143,0.1616082659478886,9.155274e-09
0.0,3.1904761904761907,0.010174863,9.155274e-09,16857,4069768,6.809523809523809,7.45267,36475.02056598663,23.30924088143929,400.4761904761905,0.1647229571254339,9.155274e-09
0.0,3.3863636363636362,0.010174863,9.155274e-09,16901,4079912,6.613636363636363,7.45267,36544.91978907585,22.666933943307303,393.1818181818182,0.16677424390491544,9.155274e-09
0.0,3.707317073170732,0.010174863,9.155274e-09,16942,4089919,6.2926829268292686,7.45267,36614.076679229736,23.564467673895404,399.0243902439024,0.16299651567944254,9.155274e-09
0.0,3.6,0.010174863,9.155274e-09,16982,4099800,6.4,7.45267,36686.863807201385,25.28582006647947,437.5,0.1763625954198474,9.155274e-09
0.0,3.25,0.010174863,9.155274e-09,17022,4109800,6.75,7.45267,36756.27953028679,24.985399309125913,435.5,0.1742,9.155274e-09
0.0,3.119047619047619,0.010174863,2.4414062e-09,17064,4119882,6.880952380952381,7.355111,36827.77307319641,22.73187968752795,398.8095238095238,0.1707755102040817,2.4414062e-09
0.0,3.1666666666666665,-2.9802322e-08,-1.4648437e-08,17106,4129918,6.833333333333333,7.3553295,36908.628111839294,23.12591936278738,398.8095238095238,0.16097536945812804,-1.4648437e-08
0.0,3.4285714285714284,-2.9802322e-08,-1.4648437e-08,17148,4139944,6.571428571428571,7.3553295,36977.18235754967,23.52690216782391,405.7142857142857,0.1643628117913832,-1.4648437e-08
0.0,2.590909090909091,-2.9802322e-08,-1.4648437e-08,17192,4149819,7.409090909090909,7.3553295,37049.60514044762,20.901554818251306,362.72727272727275,0.15525696134770545,-1.4648437e-08
0.0,3.0238095238095237,-2.9802322e-08,-1.4648437e-08,17234,4159949,6.976190476190476,7.3553295,37120.55703186989,23.268180547729962,404.5238095238095,0.16462840862840858,-1.4648437e-08
0.0,3.225,0.008933196,-2.9754639e-09,17274,4169949,6.775,7.45267,37194.30012989044,22.815647440134903,398.75,0.15950000000000003,-2.9754639e-09
0.0,2.951219512195122,0.008933196,-2.9754639e-09,17315,4179781,7.048780487804878,7.45267,37266.65461444855,22.276894452864205,383.1707317073171,0.156593362654938,-2.9754639e-09
0.0,3.4523809523809526,0.008933196,1.34277345e-08,17357,4189851,6.5476190476190474,7.550294,37340.350318193436,22.931409464186796,395.23809523809524,0.16287773266067843,1.34277345e-08
0.0,3.046511627906977,0.008933196,1.34277345e-08,17400,4199994,6.953488372093023,7.550294,37415.39300966263,22.741114524803585,395.5813953488372,0.16411541234315888,1.34277345e-08
0.0,3.1666666666666665,0.008933196,1.34277345e-08,17442,4209817,6.833333333333333,7.550294,37488.49019289017,22.928134787956612,398.0952380952381,0.16439956212370008,1.34277345e-08
0.0,2.6818181818181817,0.0023053025,-8.697509e-09,17486,4219955,7.318181818181818,7.599118,37567.52795147896,21.233176170916376,365.0,0.15455526974367553,-8.697509e-09
0.0,2.8333333333333335,0.008933204,4.4250488e-09,17528,4229832,7.166666666666667,7.6967382,37643.54441833496,21.936243780092934,379.76190476190476,0.15673832964972206,4.4250488e-09
0.0,3.375,0.008933204,4.4250488e-09,17568,4239832,6.625,7.6967382,37717.949108839035,24.724127240103577,429.5,0.1718,4.4250488e-09
0.0,3.302325581395349,0.008933204,4.4250488e-09,17611,4249863,6.6976744186046515,7.6967382,37791.93735456467,22.455027995197202,389.5348837209302,0.17214617940199337,4.4250488e-09
0.0,3.0,0.008933204,4.4250488e-09,17653,4259891,7.0,7.6967382,37871.44056224823,22.43485169708893,390.0,0.16119274376417234,4.4250488e-09
0.0,3.4634146341463414,0.008933204,4.4250488e-09,17694,4269910,6.536585365853658,7.6967382,37944.50036025047,24.539015517437033,422.6829268292683,0.17025930680359438,4.4250488e-09
0.0,3.261904761904762,0.008933204,4.4250488e-09,17736,4279757,6.738095238095238,7.6967382,38020.36557030678,23.17926737545208,401.42857142857144,0.16443974068577677,4.4250488e-09
0.0,3.5609756097560976,0.008933204,4.4250488e-09,17777,4289776,6.439024390243903,7.6967382,38090.09449720383,24.03586686858352,420.2439024390244,0.1692836970474968,4.4250488e-09
0.0,3.86046511627907,0.01017476,1.2207031e-08,17820,4299929,6.1395348837209305,7.599118,38167.08385205269,24.212900793052896,420.0,0.17493494893739692,1.2207031e-08
0.0,3.35,0.01017476,1.2207031e-08,17860,4309929,6.65,7.599118,38237.95219492912,25.482461701935467,443.5,0.17739999999999997,1.2207031e-08
0.0,3.5853658536585367,0.01017476,1.2207031e-08,17901,4319948,6.414634146341464,7.599118,38309.26520776749,24.398291581509138,422.1951219512195,0.17006418485237487,1.2207031e-08
0.0,3.261904761904762,0.008933204,-2.1362305e-09,17943,4329966,6.738095238095238,7.6967382,38385.28453874588,24.859260924699004,429.2857142857143,0.17936507936507934,-2.1362305e-09
0.0,3.3333333333333335,0.008933204,-2.1362305e-09,17985,4339873,6.666666666666667,7.6967382,38455.1763958931,23.93991789916066,414.5238095238095,0.17161069424241115,-2.1362305e-09
0.0,2.85,0.01017476,1.5792846e-08,18025,4349873,7.15,7.599118,38529.82569384575,21.95305078963867,390.75,0.1563,1.5792846e-08
0.0,3.3555555555555556,0.010174863,5.0354005e-09,18070,4359875,6.644444444444445,7.501473,38602.16483831406,22.312253100868688,387.1111111111111,0.16067252892779513,5.0354005e-09
0.0,3.2857142857142856,0.010174863,5.0354005e-09,18112,4369969,6.714285714285714,7.501473,38675.70605635643,22.635252237443392,390.23809523809524,0.16049424214130098,5.0354005e-09
0.0,2.6904761904761907,0.010174863,5.0354005e-09,18154,4379828,7.309523809523809,7.501473,38746.64634990692,23.415441041170904,402.6190476190476,0.16803174603174603,5.0354005e-09
0.0,3.4651162790697674,0.010174863,5.0354005e-09,18197,4389863,6.534883720930233,7.501473,38817.152983903885,22.79334622986496,399.7674418604651,0.16484284707540525,5.0354005e-09
0.0,3.3255813953488373,0.010174863,1.3275146e-08,18240,4399908,6.674418604651163,7.40385,38890.97562456131,22.30318759407593,389.5348837209302,0.16234694808155825,1.3275146e-08
0.0,2.5476190476190474,0.008933416,-8.697509e-09,18282,4409924,7.4523809523809526,7.501473,38962.99235868454,22.50951470226242,392.6190476190476,0.16052014652014648,-8.697509e-09
0.0,3.292682926829268,0.008933416,-8.697509e-09,18323,4419774,6.7073170731707314,7.501473,39034.55358815193,24.272888494936623,423.1707317073171,0.1724439347829283,-8.697509e-09
0.0,3.5476190476190474,0.008933416,-8.697509e-09,18365,4429806,6.4523809523809526,7.501473,39104.00350809097,23.751874741142785,408.3333333333333,0.1662274918064392,-8.697509e-09
0.0,3.682926829268293,0.0024602725,9.460449e-09,18406,4439869,6.317073170731708,7.4526687,39177.4516992569,25.522928167275833,445.609756097561,0.17998141695702666,9.460449e-09
0.0,3.4,0.008933204,3.0517577e-09,18446,4449869,6.6,7.550294,39250.997960329056,24.267299977238466,423.25,0.16929999999999998,3.0517577e-09
0.0,4.146341463414634,0.008933204,3.0517577e-09,18487,4459876,5.853658536585366,7.550294,39322.77432179451,25.755278416705785,441.9512195121951,0.17678048780487807,3.0517577e-09
0.0,2.8636363636363638,0.008933204,3.0517577e-09,18531,4469972,7.136363636363637,7.550294,39394.63837122917,22.50783304222082,392.5,0.1663579216482442,3.0517577e-09
0.0,2.883720930232558,0.008933196,-1.0528565e-08,18574,4479824,7.116279069767442,7.6479173,39469.49940991402,21.983362034938114,382.3255813953488,0.16444775787248248,-1.0528565e-08
0.0,3.097560975609756,0.008933196,-1.0528565e-08,18615,4489833,6.902439024390244,7.6479173,39541.58271026611,23.58955701143803,409.5121951219512,0.16641734417344173,-1.0528565e-08
0.0,2.8095238095238093,0.008933196,-1.0528565e-08,18657,4499863,7.190476190476191,7.6479173,39615.0769867897,21.489884368660448,375.0,0.15566591080876796,-1.0528565e-08
0.0,3.658536585365854,0.008933196,-1.0528565e-08,18698,4509880,6.341463414634147,7.6479173,39689.126658439636,25.676536839482424,449.0243902439024,0.17960975609756097,-1.0528565e-08
0.0,3.642857142857143,0.008933196,-1.0528565e-08,18740,4519908,6.357142857142857,7.6479173,39763.297087430954,24.359333048910056,422.3809523809524,0.17455900621118012,-1.0528565e-08
0.0,3.0,0.0001475811,-4.7302247e-09,18781,4529919,7.0,7.6601243,39844.50283527374,22.747130613670386,396.3414634146341,0.15853658536585363,-4.7302247e-09
0.0,3.4634146341463414,0.0001475811,-4.7302247e-09,18822,4539924,6.536585365853658,7.6601243,39915.925770521164,24.08325505769496,421.219512195122,0.16848780487804882,-4.7302247e-09
0.0,2.9302325581395348,0.0024603605,5.1879883e-09,18865,4549961,7.069767441860465,7.6113195,39994.556668281555,22.653151092436254,394.8837209302326,0.16046511627906979,5.1879883e-09
0.0,2.7142857142857144,0.0024603605,5.1879883e-09,18907,4559979,7.285714285714286,7.6113195,40065.02264022827,22.124045002002223,385.7142857142857,0.15775824175824182,5.1879883e-09
0.0,3.380952380952381,0.0024603605,5.1879883e-09,18949,4569997,6.619047619047619,7.6113195,40141.970358371735,23.404510793591676,405.95238095238096,0.1710624613481756,5.1879883e-09
0.0,3.238095238095238,0.0024603605,5.1879883e-09,18991,4579838,6.761904761904762,7.6113195,40214.378361701965,22.096237085877956,382.6190476190476,0.1574090606028705,5.1879883e-09
0.0,3.697674418604651,0.010174781,1.6479492e-08,19034,4589963,6.3023255813953485,7.513675,40292.86145067215,24.304028469774558,420.4651162790698,0.17502066557801685,1.6479492e-08
0.0,3.1904761904761907,0.00893351,-8.544922e-09,19076,4599754,6.809523809523809,7.61132,40368.82832336426,23.110450121675918,399.76190476190476,0.16524423963133636,-8.544922e-09
0.0,3.6341463414634148,0.00893351,-8.544922e-09,19117,4609769,6.365853658536586,7.61132,40442.57244539261,23.650719463181133,416.0975609756098,0.16643902439024388,-8.544922e-09
0.0,3.575,0.00893351,-8.544922e-09,19157,4619769,6.425,7.61132,40516.17641401291,24.15735018203489,421.25,0.1685,-8.544922e-09
0.0,3.6097560975609757,0.00893351,-8.544922e-09,19198,4629786,6.390243902439025,7.61132,40590.24023222923,23.474509457955914,410.9756097560976,0.16439024390243903,-8.544922e-09
0.0,3.5952380952380953,0.00893351,-8.544922e-09,19240,4639828,6.404761904761905,7.61132,40665.60318303108,23.984994557509044,420.23809523809524,0.17554669281900406,-8.544922e-09
0.0,3.9069767441860463,0.01017476,1.525879e-08,19283,4649863,6.093023255813954,7.513675,40741.62259840965,23.768179777615646,418.3720930232558,0.1741999961143168,1.525879e-08
0.0,3.4634146341463414,0.01017476,1.525879e-08,19324,4659886,6.536585365853658,7.513675,40814.58960342407,23.44309649400789,409.2682926829268,0.16659597030752915,1.525879e-08
0.0,2.707317073170732,0.01017476,1.525879e-08,19365,4669901,7.2926829268292686,7.513675,40889.20372772217,22.84735490376802,400.7317073170732,0.16334959349593497,1.525879e-08
0.0,3.65,0.01017476,1.525879e-08,19405,4679901,6.35,7.513675,40960.99978351593,23.90595816959769,413.5,0.16540000000000002,1.525879e-08
0.0,2.7777777777777777,0.010174781,2.4414062e-09,19450,4689821,7.222222222222222,7.416056,41033.9689245224,19.900494712643887,349.77777777777777,0.14731991464585162,2.4414062e-09
0.0,3.761904761904762,0.010174781,2.4414062e-09,19492,4699889,6.238095238095238,7.416056,41107.558737039566,23.31842847403704,402.3809523809524,0.17070737449684817,2.4414062e-09
0.0,3.35,0.008933102,0.0,19532,4709889,6.65,7.513675,41179.575328826904,23.4986466746847,403.0,0.16119999999999998,0.0
0.0,2.857142857142857,0.010174863,1.0986328e-08,19574,4719943,7.142857142857143,7.416056,41252.739929914474,23.026329562457722,392.6190476190476,0.15992705167173255,1.0986328e-08
0.0,3.275,0.01017476,-1.2207031e-09,19614,4729943,6.725,7.3184986,41324.741122961044,23.26887333528353,407.75,0.16310000000000002,-1.2207031e-09
0.0,2.9047619047619047,0.010174744,7.3242186e-09,19656,4739790,7.095238095238095,7.220878,41396.375549316406,21.863787426891935,380.0,0.155463514219247,7.3242186e-09
0.0,3.2954545454545454,0.010174744,7.3242186e-09,19700,4749916,6.704545454545454,7.220878,41466.59419465065,23.150837694814886,400.6818181818182,0.16459399378766407,7.3242186e-09
0.0,3.1219512195121952,0.010174744,7.3242186e-09,19741,4759806,6.878048780487805,7.220878,41535.93918824196,23.12996404971905,397.3170731707317,0.16291932457786115,7.3242186e-09
0.0,3.261904761904762,0.0,1.0299683e-08,19783,4769832,6.738095238095238,7.2207117,41615.84887909889,23.47312292274952,402.6190476190476,0.17006411453470277,1.0299683e-08
0.0,3.225,0.008933196,-3.2806395e-09,19823,4779832,6.775,7.3184986,41688.130863666534,22.924517516747425,398.5,0.15940000000000001,-3.2806395e-09
0.0,2.8536585365853657,0.008933204,-4.119873e-09,19864,4789871,7.146341463414634,7.416056,41759.75585389137,23.21660908886287,396.3414634146341,0.16117573483427144,-4.119873e-09
0.0,4.121951219512195,0.008933204,-4.119873e-09,19905,4799890,5.878048780487805,7.416056,41829.91018867493,25.996794959442845,458.0487804878049,0.18559178433889598,-4.119873e-09
0.0,2.6666666666666665,0.008933204,-4.119873e-09,19947,4809940,7.333333333333333,7.416056,41899.603078365326,22.77250780525147,393.8095238095238,0.16165412365412365,-4.119873e-09
0.0,2.6511627906976742,0.008933204,-4.119873e-09,19990,4819764,7.348837209302325,7.416056,41969.68805003166,21.40126791636645,374.8837209302326,0.16000935321549684,-4.119873e-09
0.0,3.325,0.008933204,-4.119873e-09,20030,4829764,6.675,7.416056,42041.326410770416,23.142852331635787,399.0,0.15959999999999996,-4.119873e-09
0.0,3.1627906976744184,0.008933204,-4.119873e-09,20073,4839863,6.837209302325581,7.416056,42112.074563503265,22.282377202972327,384.8837209302326,0.16007641918151191,-4.119873e-09
0.0,3.2325581395348837,0.00058561563,7.7056885e-09,20116,4849910,6.767441860465116,7.4404635,42189.237287044525,22.93389825795513,395.5813953488372,0.16298348500168522,7.7056885e-09
0.0,3.340909090909091,0.008933204,3.5095216e-09,20160,4859799,6.659090909090909,7.5380864,42262.498806238174,21.59437060972018,378.40909090909093,0.1587068677273281,3.5095216e-09
0.0,3.738095238095238,0.008933204,-8.239746e-09,20202,4869819,6.261904761904762,7.635731,42339.59230184555,23.509534895357923,407.14285714285717,0.16285714285714287,-8.239746e-09
0.0,3.5365853658536586,0.008933204,-8.239746e-09,20243,4879834,6.463414634146342,7.635731,42412.79299759865,24.002365163243095,418.0487804878049,0.1702764227642277,-8.239746e-09
0.0,3.4634146341463414,0.008933204,-8.392334e-09,20284,4889861,6.536585365853658,7.7333574,42492.85001897812,24.363355961977955,421.4634146341463,0.17261427280939473,-8.392334e-09
0.0,3.275,0.008933204,-8.392334e-09,20324,4899861,6.725,7.7333574,42566.70181846619,24.654919469656896,429.5,0.1718,-8.392334e-09
0.0,3.2093023255813953,0.0023052692,-7.93457e-09,20367,4909773,6.790697674418604,7.782095,42644.51304912567,22.768614992398877,394.1860465116279,0.16365539352317754,-7.93457e-09
0.0,3.575,0.0,1.2207031e-09,20407,4919773,6.425,7.782235,42727.29894781113,25.836627832112164,439.75,0.17589999999999997,1.2207031e-09
0.0,3.3902439024390243,0.0,1.2207031e-09,20448,4929850,6.609756097560975,7.782235,42798.23941349983,25.372030412346675,442.6829268292683,0.17882673424136836,1.2207031e-09
0.0,3.292682926829268,1.1920929e-07,7.781982e-09,20489,4939881,6.7073170731707314,7.7818637,42882.94225692749,23.11989720380034,405.609756097561,0.1650007867820614,7.781982e-09
0.0,3.8095238095238093,0.008933204,-3.6621093e-09,20531,4949922,6.190476190476191,7.8797226,42956.35512256622,24.019244431107115,418.57142857142856,0.1701112190908109,-3.6621093e-09
0.0,3.1666666666666665,0.008933204,-3.6621093e-09,20573,4959753,6.833333333333333,7.8797226,43029.46159744263,21.978363152247873,387.14285714285717,0.1638816347051641,-3.6621093e-09
0.0,2.880952380952381,0.0,1.4648437e-08,20615,4969767,7.119047619047619,7.8794274,43111.6871278286,22.86065640555611,396.6666666666667,0.16857720057720055,1.4648437e-08
0.0,2.5365853658536586,0.0,1.4648437e-08,20656,4979954,7.463414634146342,7.8794274,43182.702916145325,21.8959478817963,383.1707317073171,0.1539913916786227,1.4648437e-08
0.0,3.5853658536585367,0.0,1.4648437e-08,20697,4989800,6.414634146341464,7.8794274,43254.17860126495,24.64480313824106,426.0975609756098,0.17389505537735275,1.4648437e-08
0.0,3.0454545454545454,0.0,1.4648437e-08,20741,4999882,6.954545454545454,7.8794274,43325.10847592354,22.823486272699352,390.22727272727275,0.16522276822276824,1.4648437e-08
