meankl,entropy,TimestepsSoFar,TtR,MtR,AttNC,entloss,surrgain,EpisodesSoFar,Fce,TimeElapsed,optimgain,AttC
0.0068464465,1.4300547,9790,407.85714285714283,23.58836308584538,2.5,0.0,0.00016844604,42,0.16930671430629984,303.0229434967041,0.00016844604,7.5
0.00046768738,1.4464909,19790,392.5,22.594073443382015,3.6,0.0,0.00013441422,82,0.15699999999999997,621.3769688606262,0.00013441422,6.4
0.0014659938,1.4493519,29803,410.4878048780488,23.245898515406477,3.3658536585365852,0.0,0.00029488007,123,0.16419512195121952,971.8839530944824,0.00029488007,6.634146341463414
0.007818101,1.449263,39844,436.3414634146341,25.42035295516403,3.8048780487804876,0.0,0.001097778,164,0.17553123140987506,1345.394805431366,0.001097778,6.195121951219512
0.0047606933,1.4580625,49863,374.1463414634146,21.62231382184829,3.4878048780487805,0.0,0.00011944111,205,0.1508446726572529,1733.7657165527344,0.00011944111,6.512195121951219
0.0071794237,1.4547015,59863,420.25,24.37647334117733,3.825,0.0,0.0005784061,245,0.16810000000000003,2135.8827447891235,0.0005784061,6.175
0.0011814479,1.4600966,69863,371.75,21.48342336348754,3.825,0.0,0.00039860472,285,0.14870000000000003,2493.054546356201,0.00039860472,6.175
0.0007936952,1.4658067,79863,392.25,22.498111545055387,3.75,0.0,0.00025790496,325,0.15690000000000007,2877.3722422122955,0.00025790496,6.25
0.006402688,1.4734665,89863,386.5,22.08885982268854,3.825,0.0,0.00027731995,365,0.1546,3252.9236104488373,0.00027731995,6.175
0.004608625,1.4831034,99906,420.0,24.293791474051257,3.268292682926829,0.0,0.00032761658,406,0.16893930799773116,3602.4590084552765,0.00032761658,6.7317073170731705
0.0065414943,1.4880344,109822,499.06976744186045,28.81481854452244,2.86046511627907,0.0,0.0025754706,449,0.20958650837197243,4030.834146499634,0.0025754706,7.1395348837209305
0.0072247256,1.4704556,119934,406.9047619047619,23.409062515835178,2.9047619047619047,0.0,0.00032352525,491,0.16792097891788293,4349.2822070121765,0.00032352525,7.095238095238095
0.0011754094,1.4772922,129934,393.25,22.777803879150035,3.85,0.0,0.0005954446,531,0.1573,4699.2856986522675,0.0005954446,6.15
0.0010688294,1.4859089,139961,372.6829268292683,21.34685080592016,3.926829268292683,0.0,0.00026604233,572,0.1522962962962963,5080.690802097321,0.00026604233,6.073170731707317
0.0073755425,1.4764438,149757,370.93023255813955,21.074559907620145,2.697674418604651,0.0,0.00055390777,615,0.1511989454853592,5438.568857908249,0.00055390777,7.3023255813953485
0.0021597568,1.4760777,159757,343.25,19.347057307176588,4.9,0.0,0.0012668285,655,0.13730000000000003,5821.970820426941,0.0012668285,5.1
0.0020770244,1.4665943,169831,347.3809523809524,20.14656961845015,3.857142857142857,0.0,0.0018738055,697,0.14418270165208943,6192.928883314133,0.0018738055,6.142857142857143
0.0027010662,1.4458553,179831,320.0,18.219817989671643,5.05,0.0,0.0009958334,737,0.12800000000000006,6568.3851182460785,0.0009958334,4.95
0.00093017466,1.4398304,189958,274.8837209302326,15.760533540794043,4.72093023255814,0.0,0.0010450168,780,0.11879898841909532,6918.031793832779,0.0010450168,5.27906976744186
0.002107091,1.4321177,199898,299.5238095238095,17.022590459031807,4.357142857142857,0.0,0.0005031912,822,0.12692717133646378,7363.708738565445,0.0005031912,5.642857142857143
0.0025475232,1.4097447,209898,265.25,15.140391267062139,5.4,0.0,0.00011530945,862,0.10610000000000004,7747.244446516037,0.00011530945,4.6
0.0012425557,1.4020969,219985,236.82926829268294,13.526341520152245,5.2439024390243905,0.0,0.00016517425,903,0.09619400056069533,8147.197417259216,0.00016517425,4.7560975609756095
0.0014179932,1.3995475,229819,234.04761904761904,13.718463588122647,4.904761904761905,0.0,4.883362e-05,945,0.09735168744208297,8544.716160297394,4.883362e-05,5.095238095238095
0.0016062416,1.3982397,239917,237.61904761904762,13.694025353383452,5.0,0.0,1.22169495e-05,987,0.09947381055855635,8886.989930391312,1.22169495e-05,5.0
0.0017756795,1.4210663,249917,264.5,15.179242188743805,5.45,0.0,0.00056711416,1027,0.10580000000000005,9235.044909715652,0.00056711416,4.55
0.0014513166,1.4514134,259917,268.0,15.324090121175292,5.375,0.0,0.00045165786,1067,0.10720000000000005,9607.854408025742,0.00045165786,4.625
0.0034208337,1.4869487,269917,274.5,15.95716468657184,5.15,0.0,0.00039207336,1107,0.10980000000000004,9938.92419052124,0.00039207336,4.85
0.0007136837,1.4951278,279917,313.0,18.05000610970496,4.0,0.0,0.0009929426,1147,0.1252,10268.461535692215,0.0009929426,6.0
0.0011048869,1.4947612,289917,332.75,18.869747588281008,4.375,0.0,0.00051229564,1187,0.13310000000000002,10625.431587457657,0.00051229564,5.625
0.002516949,1.4903562,299917,348.5,20.08771971305992,4.475,0.0,0.0015277483,1227,0.13940000000000002,10956.326899290085,0.0015277483,5.525
0.0145966355,1.4852831,309917,312.5,18.0779812805824,4.075,0.0,0.00022677693,1267,0.12500000000000003,11345.697589159012,0.00022677693,5.925
0.008198954,1.4790828,319917,468.75,27.33035843069099,4.575,0.0,0.0028837568,1307,0.18750000000000003,11728.852879047394,0.0028837568,5.425
0.0033871762,1.4676096,329924,351.4634146341463,19.985505716293027,3.8048780487804876,0.0,0.0002995613,1348,0.14397212543554008,12062.519255399704,0.0002995613,6.195121951219512
0.0064506456,1.4555554,339924,387.0,22.35132558067711,4.6,0.0,0.0008729471,1388,0.1548,12442.951784610748,0.0008729471,5.4
0.0019720972,1.4704456,349924,275.5,16.161682362875574,4.325,0.0,0.001999627,1428,0.11020000000000005,12783.090420722961,0.001999627,5.675
0.00047145606,1.4903693,359924,258.25,14.707702617538157,5.0,0.0,0.000308544,1468,0.10330000000000006,13088.896506786346,0.000308544,5.0
0.008905447,1.5878156,369924,234.75,13.653985434037102,5.6,0.0,0.00016211518,1508,0.09390000000000007,13414.095798015594,0.00016211518,4.4
0.00893351,1.6854156,379924,276.5,15.679256726643326,5.025,0.0,0.00018049117,1548,0.11060000000000006,13717.00117444992,0.00018049117,4.975
0.008933102,1.7829934,389924,279.25,16.07941669311278,4.85,0.0,4.8931655e-05,1588,0.11170000000000005,14049.183558225632,4.8931655e-05,5.15
0.008933204,1.8806047,399924,289.0,16.71167369846813,4.875,0.0,0.0001262952,1628,0.11560000000000004,14384.726318120956,0.0001262952,5.125
0.00889219,1.9779375,409924,305.0,17.268431842339346,4.625,0.0,6.4595035e-05,1668,0.12200000000000003,14672.967072248459,6.4595035e-05,5.375
0.008933204,2.075552,419924,306.0,17.22213796633086,4.725,0.0,3.3947374e-05,1708,0.12240000000000002,15022.69728422165,3.3947374e-05,5.275
0.008933204,2.173105,429924,334.75,19.147884905131654,4.425,0.0,7.142193e-05,1748,0.13390000000000002,15322.329391241074,7.142193e-05,5.575
0.008933102,2.270725,439924,343.25,19.452755776205542,4.475,0.0,1.4490204e-05,1788,0.1373,15604.669691562653,1.4490204e-05,5.525
0.008933196,2.3682928,449924,347.0,20.247088233202074,4.1,0.0,5.159683e-05,1828,0.13880000000000003,15888.576536178589,5.159683e-05,5.9
0.008933102,2.4659119,459924,351.5,20.183483054756312,4.775,0.0,3.488861e-05,1868,0.1406,16212.885811567307,3.488861e-05,5.225
0.008933204,2.563477,469924,363.25,20.78922718853455,4.225,0.0,2.0272828e-05,1908,0.1453,16514.87688755989,2.0272828e-05,5.775
0.008933204,2.6611028,479924,364.0,21.16569644053156,4.35,0.0,3.2966538e-05,1948,0.1456,16803.882704257965,3.2966538e-05,5.65
0.008933204,2.758661,489941,371.7073170731707,21.145266541293964,4.0,0.0,9.883881e-06,1989,0.14868292682926829,17128.963267803192,9.883881e-06,6.0
0.008933204,2.856228,499966,355.8536585365854,20.168338950443903,3.4634146341463414,0.0,1.0645447e-05,2030,0.14409756097560977,17411.720159053802,1.0645447e-05,6.536585365853658
0.008933077,2.9538555,509971,369.0243902439024,21.25506803043267,3.6341463414634148,0.0,9.31488e-06,2071,0.14760975609756097,17752.340044736862,9.31488e-06,6.365853658536586
0.010174639,2.8562288,519971,373.0,21.34979724615071,3.55,0.0,2.6624298e-06,2111,0.14920000000000003,18062.362297296524,2.6624298e-06,6.45
0.008933067,2.9538555,529971,381.25,22.051317092973616,4.05,0.0,9.705353e-06,2151,0.15250000000000002,18359.2704911232,9.705353e-06,5.95
0.008933204,3.05143,539971,383.5,21.559046433943237,3.9,0.0,7.718887e-06,2191,0.15340000000000004,18671.107999563217,7.718887e-06,6.1
0.008933102,3.1490211,549971,375.5,21.294657137305883,3.475,0.0,9.933319e-06,2231,0.15020000000000003,18978.793172597885,9.933319e-06,6.525
0.008933196,3.2466006,559976,387.5609756097561,22.221758482715895,4.0,0.0,5.143471e-06,2272,0.15502439024390247,19269.67652797699,5.143471e-06,6.0
0.010165327,3.1490731,569779,356.42857142857144,20.370899330202093,3.4047619047619047,0.0,5.1223753e-07,2314,0.14720050600885518,19575.498067617416,5.1223753e-07,6.595238095238095
0.010174871,3.0514936,579792,360.0,20.665528872881247,3.6097560975609757,0.0,7.3986052e-06,2355,0.15111444652908068,19911.281967401505,7.3986052e-06,6.390243902439025
0.0089325905,3.14907,589792,387.75,22.11409126848856,3.575,0.0,2.230072e-06,2395,0.15510000000000004,20197.554231405258,2.230072e-06,6.425
0.010174744,3.051493,599792,367.75,21.106948284072054,3.775,0.0,1.664238e-06,2435,0.14710000000000006,20495.067272901535,1.664238e-06,6.225
0.008933204,3.1490731,609797,355.1219512195122,20.386378901808897,3.317073170731707,0.0,7.018738e-06,2476,0.14204878048780487,20806.191660165787,7.018738e-06,6.682926829268292
0.008933204,3.246657,619827,370.95238095238096,21.34838736275247,3.642857142857143,0.0,1.8976211e-06,2518,0.15476190476190477,21108.317081212997,1.8976211e-06,6.357142857142857
0.008933204,3.3442388,629827,383.5,21.585849718668292,3.475,0.0,4.571228e-06,2558,0.15339999999999995,21415.159960269928,4.571228e-06,6.525
0.01016987,3.2466743,639834,401.4634146341463,23.477173478726645,3.4878048780487805,0.0,2.8121949e-07,2599,0.16735888501742155,21681.839684963226,2.8121949e-07,6.512195121951219
0.008933204,3.3442445,649853,396.5853658536585,23.014124597038872,3.658536585365854,0.0,6.2702943e-06,2640,0.16100641848523747,22032.19535636902,6.2702943e-06,6.341463414634147
0.008933102,3.441877,659853,387.5,22.14049798508881,3.575,0.0,5.845337e-06,2680,0.15499999999999997,22315.221031427383,5.845337e-06,6.425
0.008933102,3.539465,669860,386.0975609756098,21.87478680682855,3.4146341463414633,0.0,1.2954712e-06,2721,0.16121254355400694,22624.967287540436,1.2954712e-06,6.585365853658536
0.008933067,3.6370306,679925,364.8837209302326,20.91512744770015,3.3488372093023258,0.0,8.996582e-07,2764,0.15084983466783267,22914.90000128746,8.996582e-07,6.651162790697675
0.008932556,3.7346194,689925,406.5,23.529240655200283,3.75,0.0,1.324768e-06,2804,0.16260000000000002,23234.007627248764,1.324768e-06,6.25
0.008933102,3.8322124,699925,402.75,23.110453679773475,3.2,0.0,2.7848816e-06,2844,0.16109999999999997,23540.08983874321,2.7848816e-06,6.8
0.010172851,3.7346206,709954,414.390243902439,23.94254284381975,4.097560975609756,0.0,7.2288515e-07,2885,0.16873002523128683,23862.189811706543,7.2288515e-07,5.902439024390244
0.008932625,3.8322544,719954,396.75,22.912343201253975,3.575,0.0,9.62677e-07,2925,0.1587,24200.302792310715,9.62677e-07,6.425
0.008933416,3.9297688,729786,389.5348837209302,22.508393462311,3.372093023255814,0.0,3.6813356e-06,2968,0.16670336685658163,24475.09593963623,3.6813356e-06,6.627906976744186
0.008933077,4.0273633,739786,421.0,24.036789197482435,4.275,0.0,1.4755249e-06,3008,0.1684,24769.55777835846,1.4755249e-06,5.725
0.008933102,4.1249986,749887,398.5365853658537,22.692625818099234,3.1951219512195124,0.0,1.2283326e-07,3049,0.16128567978749092,25067.26033639908,1.2283326e-07,6.804878048780488
0.008933204,4.2225957,759887,404.25,23.33182879318084,3.25,0.0,6.9725036e-07,3089,0.1617,25352.2105717659,6.9725036e-07,6.75
0.008932931,4.320138,769887,430.25,25.009601901886228,3.85,0.0,5.029297e-07,3129,0.17209999999999998,25658.44357585907,5.029297e-07,6.15
0.008933102,4.4177294,779890,394.1463414634146,22.527508034376165,3.4146341463414633,0.0,3.8856507e-07,3170,0.15765853658536588,25984.146538972855,3.8856507e-07,6.585365853658536
0.008933102,4.515367,789986,393.8095238095238,22.840181833864754,3.4761904761904763,0.0,3.98407e-07,3212,0.15924665596575704,26288.411544322968,3.98407e-07,6.523809523809524
0.008932931,4.6129713,799751,414.5,24.068291608361122,4.125,0.0,2.3857118e-07,3252,0.16893333333333335,26606.20586538315,2.3857118e-07,5.875
0.0088200215,4.7099066,809751,410.5,23.424932146225935,3.3,0.0,5.3405763e-10,3292,0.16419999999999996,26919.885735034943,5.3405763e-10,6.7
0.008933204,4.807436,819758,418.780487804878,24.310123084995027,3.7804878048780486,0.0,1.4545441e-07,3333,0.16751219512195123,27265.42955470085,1.4545441e-07,6.219512195121951
0.008931637,4.9050326,829834,389.2857142857143,22.326965094742103,3.0,0.0,2.0080566e-07,3375,0.16326747510598444,27587.930123329163,2.0080566e-07,7.0
0.008927379,5.0026345,839873,416.0975609756098,23.979483638795493,3.317073170731707,0.0,3.326416e-08,3416,0.17118949343339593,27887.90806531906,3.326416e-08,6.682926829268292
0.008933067,5.100157,849894,397.3170731707317,23.159676448499663,3.3902439024390243,0.0,1.0040283e-07,3457,0.1599907084785133,28177.462603092194,1.0040283e-07,6.609756097560975
0.008933204,5.197766,859959,405.3488372093023,23.691430967805523,3.7674418604651163,0.0,1.6551971e-07,3500,0.1732329470327448,28480.842133522034,1.6551971e-07,6.232558139534884
0.0089325905,5.295398,869990,397.0731707317073,22.8578572334026,3.4878048780487805,0.0,6.111145e-08,3541,0.16227537372147915,28794.285025835037,6.111145e-08,6.512195121951219
0.008933204,5.39301,879753,416.25,24.036648935069326,3.075,0.0,1.2657165e-07,3581,0.1719692307692308,29087.3787252903,1.2657165e-07,6.925
0.008933102,5.490534,889775,402.14285714285717,23.29286624174402,3.261904761904762,0.0,6.469727e-08,3623,0.16477310924369748,29401.12204504013,6.469727e-08,6.738095238095238
0.008933204,5.5881505,899849,402.04545454545456,23.040119446642514,3.0,0.0,5.493164e-08,3667,0.1682679425837321,29683.12920641899,5.493164e-08,7.0
0.010107405,5.4909,909868,435.1219512195122,25.30050994112688,4.195121951219512,0.0,5.7601928e-09,3708,0.17760718870346595,30000.406616210938,5.7601928e-09,5.804878048780488
0.008933102,5.588424,919875,404.6341463414634,23.314503957711175,3.2439024390243905,0.0,5.4779054e-08,3749,0.1652404181184669,30313.53727388382,5.4779054e-08,6.7560975609756095
0.010174387,5.4909005,929766,375.95238095238096,21.774891410122425,2.9761904761904763,0.0,4.470825e-08,3791,0.16037002241913095,30615.690829992294,4.470825e-08,7.023809523809524
0.008932625,5.588424,939807,424.1463414634146,24.788615622068303,3.658536585365854,0.0,8.651733e-08,3832,0.1726424747174301,30942.827598810196,8.651733e-08,6.341463414634147
0.008932242,5.6860356,949974,383.48837209302326,22.099735316583622,3.13953488372093,0.0,1.3885498e-08,3875,0.15741257536606376,31235.085082292557,1.3885498e-08,6.8604651162790695
0.010174163,5.5884223,959771,412.5,23.855821633349493,3.3,0.0,2.5939942e-08,3915,0.16586382978723405,31517.51383781433,2.5939942e-08,6.7
0.008925302,5.6860237,969862,403.48837209302326,23.41275675580888,3.2093023255813953,0.0,3.2043457e-09,3958,0.16780493870334753,31841.191169023514,3.2043457e-09,6.790697674418604
0.010173827,5.58839,979862,400.5,22.961715229513565,3.425,0.0,1.22833255e-08,3998,0.16020000000000006,32126.68861722946,1.22833255e-08,6.575
0.008933204,5.686024,989875,412.1951219512195,24.11153523836883,3.7560975609756095,0.0,2.9678345e-08,4039,0.166656660412758,32420.771622419357,2.9678345e-08,6.2439024390243905
0.008912436,5.783473,999932,425.609756097561,24.67018437245579,3.292682926829268,0.0,-1.0681152e-08,4080,0.17255626872058197,32714.274385929108,-1.0681152e-08,6.7073170731707314
0.008933204,5.8810663,1009932,419.5,24.213819193268343,3.5,0.0,3.9520263e-08,4120,0.16779999999999998,32986.396909713745,3.9520263e-08,6.5
0.010172397,5.783481,1019850,406.04651162790697,23.441769151559125,3.6511627906976742,0.0,2.2735597e-08,4163,0.1699212924058619,33281.37296271324,2.2735597e-08,6.348837209302325
0.008933059,5.881074,1029955,406.8292682926829,23.461381802046088,3.024390243902439,0.0,1.6174317e-08,4204,0.16475261324041812,33599.40418791771,1.6174317e-08,6.975609756097561
0.008933059,5.881074,1039964,405.1219512195122,23.269009469627285,3.097560975609756,0.0,1.6174317e-08,4245,0.16466124661246612,33842.18596339226,1.6174317e-08,6.902439024390244
0.008931977,5.9786787,1049964,441.5,25.34232282368253,3.875,0.0,6.1035155e-10,4285,0.1766,34171.12378692627,6.1035155e-10,6.125
0.008932931,6.0762124,1059969,427.5609756097561,24.437191054896054,3.3658536585365852,0.0,2.3078918e-08,4326,0.17102439024390245,34454.341430425644,2.3078918e-08,6.634146341463414
0.008933204,6.1738286,1069969,430.5,24.86164500262883,3.6,0.0,1.5411377e-08,4366,0.17219999999999996,34756.99960541725,1.5411377e-08,6.4
0.008933067,6.271471,1079757,370.2439024390244,21.18064930285668,2.926829268292683,0.0,8.049011e-09,4407,0.15344042046481074,35060.73047733307,8.049011e-09,7.073170731707317
0.008932556,6.3689895,1089792,396.3414634146341,22.64490392570784,3.1707317073170733,0.0,1.6441346e-08,4448,0.16213240418118463,35382.17024040222,1.6441346e-08,6.829268292682927
0.0089325905,6.4666085,1099982,401.1363636363636,23.243667879100396,3.1818181818181817,0.0,8.544922e-09,4492,0.17355865560980652,35690.869681596756,8.544922e-09,6.818181818181818
0.008922091,6.564121,1109773,426.0,24.518078663749968,3.3,0.0,5.1879883e-09,4532,0.1749878048780487,36010.799021959305,5.1879883e-09,6.7
0.008922091,6.564121,1119821,409.5238095238095,23.685808469018056,3.0,0.0,5.1879883e-09,4574,0.1666293995859213,36265.87649393082,5.1879883e-09,7.0
0.008922091,6.564121,1129909,430.0,24.8863251359743,3.4523809523809526,0.0,5.1879883e-09,4616,0.1746827309236948,36521.802668094635,5.1879883e-09,6.5476190476190474
0.008933067,6.6616607,1139968,396.04651162790697,22.75895484905785,3.2093023255813953,0.0,-1.6784668e-09,4659,0.16559233926128594,36829.54797363281,-1.6784668e-09,6.790697674418604
0.01016283,6.564151,1149989,447.5609756097561,25.730035252605553,4.195121951219512,0.0,1.2512207e-08,4700,0.18008826945412307,37133.92505788803,1.2512207e-08,5.804878048780488
0.01016283,6.564151,1159989,408.75,23.364337301223106,3.5,0.0,1.2512207e-08,4740,0.16349999999999998,37379.54276943207,1.2512207e-08,6.5
0.0089311935,6.661766,1169989,426.5,24.599287544310414,3.475,0.0,2.89917e-09,4780,0.17059999999999997,37693.40063285828,2.89917e-09,6.525
0.008933077,6.759313,1179754,400.75,23.020014165971055,3.275,0.0,1.0147095e-08,4820,0.16186666666666666,37986.29814505577,1.0147095e-08,6.725
0.008933077,6.759313,1189769,414.6341463414634,23.934075649100674,3.4146341463414633,0.0,1.0147095e-08,4861,0.16585365853658535,38235.691621780396,1.0147095e-08,6.585365853658536
0.008933067,6.8569336,1199778,419.2682926829268,24.176990625281448,3.6097560975609757,0.0,-1.0147095e-08,4902,0.17031978319783198,38540.2665977478,-1.0147095e-08,6.390243902439025
0.008933067,6.8569336,1209822,410.0,23.49570918388436,3.4761904761904763,0.0,-1.0147095e-08,4944,0.1706455026455026,38797.88000011444,-1.0147095e-08,6.523809523809524
0.008931977,6.9545546,1219833,398.0487804878049,23.11704610476838,2.975609756097561,0.0,1.2207031e-09,4985,0.1613392461197339,39094.75111556053,1.2207031e-09,7.024390243902439
5.9604645e-08,6.9542823,1229920,390.2325581395349,22.646208310514076,3.4186046511627906,0.0,-2.4414062e-09,5028,0.16518232206223057,39606.80494880676,-2.4414062e-09,6.5813953488372094
0.010174639,6.856933,1239991,409.0243902439024,23.95450562921459,3.317073170731707,0.0,9.155274e-09,5069,0.16459361044314666,39914.10913228989,9.155274e-09,6.682926829268292
0.008924042,6.954452,1249770,407.5,23.59761687982119,3.6,0.0,2.1362305e-09,5109,0.166048275862069,40208.64661002159,2.1362305e-09,6.4
0.008924042,6.954452,1259948,400.6818181818182,23.206855563101612,3.272727272727273,0.0,2.1362305e-09,5153,0.17246387455561765,40455.59739637375,2.1362305e-09,6.7272727272727275
0.008924042,6.954452,1269948,405.5,23.28506105680434,3.225,0.0,2.1362305e-09,5193,0.16219999999999996,40686.032430648804,2.1362305e-09,6.775
0.01017463,6.8569217,1279955,410.2439024390244,23.536788776035618,3.1951219512195124,0.0,2.746582e-09,5234,0.17425783972125442,40954.0809237957,2.746582e-09,6.804878048780488
0.0101747215,6.7592783,1289823,400.4878048780488,22.958014010245854,3.073170731707317,0.0,3.6621093e-09,5275,0.16430095080611823,41232.369055747986,3.6621093e-09,6.926829268292683
0.0101747215,6.7592783,1299828,375.95238095238096,21.875117465736132,2.8095238095238093,0.0,3.6621093e-09,5317,0.15370301190155913,41460.601669073105,3.6621093e-09,7.190476190476191
0.010170824,6.661667,1309828,444.75,25.482806629019812,3.575,0.0,-6.942749e-09,5357,0.1779,41741.38954162598,-6.942749e-09,6.425
0.008933034,6.7592807,1319797,376.9047619047619,21.755915237109967,3.0476190476190474,0.0,7.247925e-09,5399,0.1579303543162657,42029.490302324295,7.247925e-09,6.9523809523809526
0.008932625,6.8569245,1329827,421.6666666666667,24.207796185253397,3.619047619047619,0.0,3.2806395e-09,5441,0.17040293040293036,42312.393107414246,3.2806395e-09,6.380952380952381
0.008933102,6.9545445,1339850,401.7073170731707,23.45935310623762,3.3658536585365852,0.0,7.171631e-09,5482,0.16260869565217395,42605.4062769413,7.171631e-09,6.634146341463414
0.008933204,7.052099,1349850,426.75,24.66309201665559,3.7,0.0,7.476807e-09,5522,0.1707,42905.87158727646,7.476807e-09,6.3
0.008933067,7.1497235,1359850,438.75,25.31886948986122,3.675,0.0,3.2043457e-09,5562,0.17549999999999996,43185.64385056496,3.2043457e-09,6.325
0.008931602,7.247214,1369888,407.3809523809524,23.047367122165628,3.4285714285714284,0.0,4.272461e-09,5604,0.16362519201228878,43504.72844958305,4.272461e-09,6.571428571428571
0.008931602,7.247214,1379938,366.42857142857144,21.20581252858908,2.6666666666666665,0.0,4.272461e-09,5646,0.15189569160997735,43746.381534576416,4.272461e-09,7.333333333333333
0.008931602,7.247214,1389769,378.57142857142856,21.614519272547785,2.9285714285714284,0.0,4.272461e-09,5688,0.1595717758574901,43987.13135719299,4.272461e-09,7.071428571428571
0.0001475811,7.259419,1399769,444.25,25.920683666281,3.55,0.0,3.3569336e-09,5728,0.17770000000000002,44336.194548130035,3.3569336e-09,6.45
0.0089325905,7.3569746,1409778,386.8292682926829,21.908439829201818,3.1951219512195124,0.0,8.468628e-09,5769,0.15734417344173443,44637.16501545906,8.468628e-09,6.804878048780488
0.010174163,7.259419,1419778,423.0,24.313787822823066,3.2,0.0,1.4839173e-08,5809,0.16919999999999996,44925.06655716896,1.4839173e-08,6.8
0.0101699745,7.161931,1429827,424.8837209302326,24.64854019383167,3.4186046511627906,0.0,-3.5095216e-09,5852,0.17475685168431698,45193.77857232094,-3.5095216e-09,6.5813953488372094
0.008932251,7.2594204,1439885,386.6666666666667,22.57118940741254,3.261904761904762,0.0,-7.743836e-09,5894,0.15652474323062554,45489.57670712471,-7.743836e-09,6.738095238095238
0.008933034,7.356977,1449969,400.4761904761905,23.106817447831492,3.2857142857142856,0.0,5.1879883e-09,5936,0.16662433862433865,45778.886307001114,5.1879883e-09,6.714285714285714
-2.9802322e-08,7.357259,1459773,402.9268292682927,23.26880029038478,3.658536585365854,0.0,-6.4086914e-09,5977,0.16502270815811607,46292.15520405769,-6.4086914e-09,6.341463414634147
0.0005853176,7.381383,1469806,430.4878048780488,25.036635195568334,3.707317073170732,0.0,2.1362305e-09,6018,0.1754028085735403,46595.44035696983,2.1362305e-09,6.2926829268292686
0.0005853176,7.381383,1479885,366.0,21.09728623823602,3.0444444444444443,0.0,2.1362305e-09,6063,0.15535679779158038,46838.51525473595,2.1362305e-09,6.955555555555556
0.0005853176,7.381383,1489885,432.0,24.819951446571444,3.375,0.0,2.1362305e-09,6103,0.17279999999999998,47074.31377530098,2.1362305e-09,6.625
0.0005853176,7.381383,1499885,412.75,23.76820398448226,3.35,0.0,2.1362305e-09,6143,0.16509999999999997,47316.829137802124,2.1362305e-09,6.65
0.0005853176,7.381383,1509911,401.9047619047619,23.171036219290908,3.380952380952381,0.0,2.1362305e-09,6185,0.16076190476190477,47560.77208352089,2.1362305e-09,6.619047619047619
0.008932931,7.4790063,1519774,417.0,24.229683107308134,3.275,0.0,-3.2043457e-09,6225,0.16825486725663713,47846.58922123909,-3.2043457e-09,6.725
0.008932931,7.4790063,1529799,433.4146341463415,25.069286436478617,4.121951219512195,0.0,-3.2043457e-09,6266,0.176,48091.767773628235,-3.2043457e-09,5.878048780487805
0.008932931,7.4790063,1539799,414.25,23.929746051506505,3.525,0.0,-3.2043457e-09,6306,0.16570000000000001,48323.97566795349,-3.2043457e-09,6.475
0.008932931,7.4790063,1549874,373.0232558139535,21.546388872730542,2.883720930232558,0.0,-3.2043457e-09,6349,0.1592976945535085,48561.57769489288,-3.2043457e-09,7.116279069767442
0.008929244,7.5766277,1559874,413.5,23.743360169749867,3.25,0.0,3.0517577e-10,6389,0.1654,48846.53936314583,3.0517577e-10,6.75
0.008929244,7.5766277,1569779,378.3333333333333,21.86089365959572,3.380952380952381,0.0,3.0517577e-10,6431,0.15557694472588088,49090.02359843254,3.0517577e-10,6.619047619047619
0.008933204,7.6741905,1579807,397.14285714285717,22.692603368059515,2.642857142857143,0.0,-1.6021728e-08,6473,0.16073706004140786,49382.470153808594,-1.6021728e-08,7.357142857142857
0.008933204,7.6741905,1589928,384.6511627906977,22.34397256652003,3.302325581395349,0.0,-1.6021728e-08,6516,0.15874114682516785,49609.30950689316,-1.6021728e-08,6.6976744186046515
0.008933204,7.6741905,1599780,404.1860465116279,23.451100438551858,3.744186046511628,0.0,-1.6021728e-08,6559,0.16805504951934278,49842.659509181976,-1.6021728e-08,6.255813953488372
0.008933204,7.6741905,1609828,402.14285714285717,22.93821834263376,3.1666666666666665,0.0,-1.6021728e-08,6601,0.1681774645342008,50076.894867897034,-1.6021728e-08,6.833333333333333
0.010174751,7.5766277,1619768,380.0,22.03702251693186,3.046511627906977,0.0,1.0681152e-08,6644,0.15920498857496743,50372.86629772186,1.0681152e-08,6.953488372093023
0.00058561563,7.60104,1629813,418.780487804878,24.01430839703031,3.3658536585365852,0.0,-2.2888185e-09,6685,0.1697344173441735,50679.38959765434,-2.2888185e-09,6.634146341463414
0.00058561563,7.60104,1639813,395.25,22.643738089212235,2.75,0.0,-2.2888185e-09,6725,0.1581,50933.398166656494,-2.2888185e-09,7.25
0.00058561563,7.60104,1649937,387.6190476190476,22.31821809671579,2.8095238095238093,0.0,-2.2888185e-09,6767,0.15939126541007234,51166.01767158508,-2.2888185e-09,7.190476190476191
0.00058561563,7.60104,1659981,404.2857142857143,23.504967950567387,3.5,0.0,-2.2888185e-09,6809,0.16835978835978835,51396.14233446121,-2.2888185e-09,6.5
0.008932625,7.6985974,1669793,393.9024390243902,22.95918445509885,3.341463414634146,0.0,2.746582e-09,6850,0.16437991998967608,51684.451649427414,2.746582e-09,6.658536585365853
0.008932625,7.6985974,1679809,379.04761904761904,21.891461095787417,2.9285714285714284,0.0,2.746582e-09,6892,0.15161904761904765,51925.89279413223,2.746582e-09,7.071428571428571
0.008932625,7.6985974,1689861,412.14285714285717,23.566152351244472,3.238095238095238,0.0,2.746582e-09,6934,0.16886067019400347,52147.616095781326,2.746582e-09,6.761904761904762
0.008932625,7.6985974,1699861,405.0,23.227288142611968,3.475,0.0,2.746582e-09,6974,0.16199999999999995,52396.49893307686,2.746582e-09,6.525
0.008933204,7.796225,1709874,399.0243902439024,23.15792276902267,3.4390243902439024,0.0,-1.0604858e-08,7015,0.1631669793621013,52671.1067378521,-1.0604858e-08,6.560975609756097
0.008933204,7.796225,1719904,384.5238095238095,22.289059755527905,3.0,0.0,-1.0604858e-08,7057,0.15685110967463908,52921.931859731674,-1.0604858e-08,7.0
0.008932582,7.8937073,1729904,414.5,23.923126561877005,3.375,0.0,-4.8828124e-09,7097,0.16579999999999998,53206.95790529251,-4.8828124e-09,6.625
0.008932582,7.8937073,1739925,393.9024390243902,22.22964113606163,3.1707317073170733,0.0,-4.8828124e-09,7138,0.16075261324041815,53426.1526157856,-4.8828124e-09,6.829268292682927
0.008932582,7.8937073,1749925,403.0,23.139056662441153,3.45,0.0,-4.8828124e-09,7178,0.16119999999999998,53651.733740091324,-4.8828124e-09,6.55
0.008932582,7.8937073,1759925,408.75,23.58923524915625,3.325,0.0,-4.8828124e-09,7218,0.16349999999999998,53888.95409989357,-4.8828124e-09,6.675
0.008932582,7.8937073,1770000,403.95348837209303,23.317205705177432,3.0697674418604652,0.0,-4.8828124e-09,7261,0.1678767743884023,54131.61921453476,-4.8828124e-09,6.930232558139535
0.008932582,7.8937073,1779890,405.3658536585366,23.15294018215545,3.341463414634146,0.0,-4.8828124e-09,7302,0.16565953230873395,54375.59157252312,-4.8828124e-09,6.658536585365853
0.008932582,7.8937073,1789890,404.5,23.625673924740877,3.45,0.0,-4.8828124e-09,7342,0.1618,54595.632324934006,-4.8828124e-09,6.55
0.008932582,7.8937073,1799903,394.1463414634146,22.702926287611525,3.292682926829268,0.0,-4.8828124e-09,7383,0.15765853658536588,54837.68921661377,-4.8828124e-09,6.7073170731707314
0.008933102,7.991331,1809916,413.1707317073171,24.052741839760674,3.8048780487804876,0.0,-8.8500975e-09,7424,0.1652682926829268,55108.86182498932,-8.8500975e-09,6.195121951219512
0.008933102,7.991331,1819956,425.7142857142857,24.549395858038793,3.5,0.0,-8.8500975e-09,7466,0.1734920634920635,55342.39478635788,-8.8500975e-09,6.5
0.008933102,7.991331,1829963,415.609756097561,23.76921261037485,2.951219512195122,0.0,-8.8500975e-09,7507,0.1696306620209059,55567.148992061615,-8.8500975e-09,7.048780487804878
0.008933102,7.991331,1839978,415.8536585365854,23.71710101020016,3.3902439024390243,0.0,-8.8500975e-09,7548,0.16786991869918697,55794.41412973404,-8.8500975e-09,6.609756097560975
0.008933102,7.991331,1849844,402.6829268292683,22.89099286967162,2.8536585365853657,0.0,-8.8500975e-09,7589,0.1626613931004175,56014.19762134552,-8.8500975e-09,7.146341463414634
0.008932931,8.088878,1859844,426.25,24.700378453671274,3.825,0.0,-1.2130737e-08,7629,0.1705,56301.321687459946,-1.2130737e-08,6.175
0.008932931,8.088878,1869844,411.25,23.534518168321373,2.95,0.0,-1.2130737e-08,7669,0.1645,56538.2161962986,-1.2130737e-08,7.05
0.008932931,8.088878,1879784,361.06382978723406,20.714816516767346,2.872340425531915,0.0,-1.2130737e-08,7716,0.16017916774536461,56777.89053082466,-1.2130737e-08,7.127659574468085
0.008932931,8.088878,1889784,409.75,23.688810048631765,3.025,0.0,-1.2130737e-08,7756,0.1639,57024.379549741745,-1.2130737e-08,6.975
0.008932931,8.088878,1899789,425.609756097561,24.332575937555045,3.3902439024390243,0.0,-1.2130737e-08,7797,0.17502439024390246,57258.500197172165,-1.2130737e-08,6.609756097560975
0.008932931,8.088878,1909839,408.3333333333333,23.400149437980335,3.238095238095238,0.0,-1.2130737e-08,7839,0.16973544973544974,57489.80082678795,-1.2130737e-08,6.761904761904762
0.008932931,8.088878,1919880,400.69767441860466,23.270309695074857,3.2790697674418605,0.0,-1.2130737e-08,7882,0.1721719520789288,57729.92524790764,-1.2130737e-08,6.72093023255814
0.008932931,8.088878,1929880,411.25,23.876675312516742,3.375,0.0,-1.2130737e-08,7922,0.16450000000000004,57961.21461868286,-1.2130737e-08,6.625
0.008932931,8.088878,1939883,424.390243902439,24.518311932065703,3.7804878048780486,0.0,-1.2130737e-08,7963,0.17778861788617883,58213.64870738983,-1.2130737e-08,6.219512195121951
0.008932931,8.088878,1949949,430.23809523809524,24.73788155408731,3.357142857142857,0.0,-1.2130737e-08,8005,0.17816318574213308,58454.89080262184,-1.2130737e-08,6.642857142857143
1.1920929e-07,8.088747,1959985,418.0952380952381,24.11065640762118,3.2142857142857144,0.0,1.2207031e-08,8047,0.17293474426807762,58927.19086313248,1.2207031e-08,6.785714285714286
1.1920929e-07,8.088747,1969791,389.2682926829268,22.28932690822387,3.4146341463414633,0.0,1.2207031e-08,8088,0.15954932560819857,59183.076816082,1.2207031e-08,6.585365853658536
1.1920929e-07,8.088747,1979887,388.57142857142856,22.633777944490582,3.0476190476190474,0.0,1.2207031e-08,8130,0.1573237025147137,59426.913922548294,1.2207031e-08,6.9523809523809526
0.0023052692,8.137697,1989887,443.25,25.768794407743506,3.95,0.0,-7.3242186e-09,8170,0.17729999999999999,59720.246762275696,-7.3242186e-09,6.05
0.0023052692,8.137697,1999938,408.5365853658537,23.750085819098693,3.268292682926829,0.0,-7.3242186e-09,8211,0.1653180296508847,59958.15133047104,-7.3242186e-09,6.7317073170731705
0.0023052692,8.137697,2009938,410.5,23.74720485417682,3.175,0.0,-7.3242186e-09,8251,0.16419999999999996,60214.62515830994,-7.3242186e-09,6.825
0.00058561563,8.16211,2019984,394.04761904761904,22.52296650473551,3.6666666666666665,0.0,-2.9754639e-09,8293,0.16519860627177702,60543.87814426422,-2.9754639e-09,6.333333333333333
0.00058561563,8.16211,2029883,413.57142857142856,23.73408708237582,3.142857142857143,0.0,-2.9754639e-09,8335,0.17126423686005568,60780.673375844955,-2.9754639e-09,6.857142857142857
0.00058561563,8.16211,2039946,411.86046511627904,24.14104911347247,3.3488372093023258,0.0,-2.9754639e-09,8378,0.17253647219173898,61013.50580573082,-2.9754639e-09,6.651162790697675
0.00058561563,8.16211,2049953,418.2926829268293,24.056154993604846,3.7560975609756095,0.0,-2.9754639e-09,8419,0.17070383275261322,61244.818682193756,-2.9754639e-09,6.2439024390243905
0.00058561563,8.16211,2059984,422.6829268292683,24.26285261158088,3.4878048780487805,0.0,-2.9754639e-09,8460,0.17320849724626278,61468.45155954361,-2.9754639e-09,6.512195121951219
0.00058561563,8.16211,2069999,419.7560975609756,24.12748420393396,3.5853658536585367,0.0,-2.9754639e-09,8501,0.1694308943089431,61695.967064380646,-2.9754639e-09,6.414634146341464
0.00058561563,8.16211,2079794,388.75,22.364389909656964,2.95,0.0,-2.9754639e-09,8541,0.1577777777777778,61927.4646627903,-2.9754639e-09,7.05
0.00058561563,8.16211,2089794,424.0,24.782509223957415,3.525,0.0,-2.9754639e-09,8581,0.16959999999999997,62158.136294841766,-2.9754639e-09,6.475
0.008933077,8.259756,2099891,382.5581395348837,21.912862434395382,3.0,0.0,-3.5095216e-09,8624,0.15876380415858682,62432.64753365517,-3.5095216e-09,7.0
0.008933077,8.259756,2109984,394.4186046511628,22.748344457655772,3.186046511627907,0.0,-3.5095216e-09,8667,0.16369528761959787,62662.19036197662,-3.5095216e-09,6.813953488372093
0.008933077,8.259756,2119753,404.75,23.40742527561208,2.95,0.0,-3.5095216e-09,8707,0.16676315789473686,62888.76467847824,-3.5095216e-09,7.05
0.008933077,8.259756,2129813,385.90909090909093,22.65629980140528,3.409090909090909,0.0,-3.5095216e-09,8751,0.1745892255892256,63117.34307217598,-3.5095216e-09,6.590909090909091
0.008933077,8.259756,2139828,440.0,25.48445561542586,3.1951219512195124,0.0,-3.5095216e-09,8792,0.1775284552845528,63349.33436703682,-3.5095216e-09,6.804878048780488
0.008933077,8.259756,2149884,428.3333333333333,24.64853546380896,3.357142857142857,0.0,-3.5095216e-09,8834,0.17775145180023233,63571.62952423096,-3.5095216e-09,6.642857142857143
0.008933077,8.259756,2159946,394.77272727272725,23.06742776558657,3.5,0.0,-3.5095216e-09,8878,0.18064568764568764,63815.797040462494,-3.5095216e-09,6.5
0.008933077,8.259756,2169946,429.25,24.495249429860273,3.3,0.0,-3.5095216e-09,8918,0.17170000000000002,64034.380902051926,-3.5095216e-09,6.7
0.010174282,8.16211,2179998,395.90909090909093,22.820696749273377,3.272727272727273,0.0,1.2512207e-08,8962,0.1608391608391608,64294.629229068756,1.2512207e-08,6.7272727272727275
0.010174282,8.16211,2189770,394.1463414634146,22.464097893413193,3.1707317073170733,0.0,1.2512207e-08,9003,0.15884467265725288,64515.79455447197,1.2512207e-08,6.829268292682927
0.010174282,8.16211,2199844,380.4761904761905,22.016476783028068,3.142857142857143,0.0,1.2512207e-08,9045,0.1570995593205836,64743.73720264435,1.2512207e-08,6.857142857142857
0.008933416,8.259756,2209851,408.2926829268293,23.165034996132434,3.317073170731707,0.0,-4.6539306e-09,9086,0.16670383275261316,65024.52834105492,-4.6539306e-09,6.682926829268292
0.008933416,8.259756,2219851,415.0,23.895696659576227,2.95,0.0,-4.6539306e-09,9126,0.16599999999999998,65251.48573255539,-4.6539306e-09,7.05
0.008933416,8.259756,2229877,383.0952380952381,21.757285929156772,3.0238095238095237,0.0,-4.6539306e-09,9168,0.15622222222222223,65465.65101599693,-4.6539306e-09,6.976190476190476
0.008933416,8.259756,2239930,401.6279069767442,23.41606052404745,3.3488372093023258,0.0,-4.6539306e-09,9211,0.16291847687196517,65689.20007753372,-4.6539306e-09,6.651162790697675
0.008933416,8.259756,2249993,412.1951219512195,23.887964740217253,3.4146341463414633,0.0,-4.6539306e-09,9252,0.16864266356949284,65912.0755674839,-4.6539306e-09,6.585365853658536
0.008933034,8.3573065,2259757,386.8292682926829,22.70396365663932,3.5121951219512195,0.0,-6.561279e-09,9293,0.15473170731707317,66174.13593125343,-6.561279e-09,6.487804878048781
0.008933034,8.3573065,2269757,413.75,23.605199077587354,3.225,0.0,-6.561279e-09,9333,0.16550000000000004,66412.81954240799,-6.561279e-09,6.775
0.008933034,8.3573065,2279778,460.2439024390244,26.792932223745055,3.7560975609756095,0.0,-6.561279e-09,9374,0.18622531939605108,66628.50502848625,-6.561279e-09,6.2439024390243905
0.008933034,8.3573065,2289840,405.7142857142857,23.608608779282587,3.0714285714285716,0.0,-6.561279e-09,9416,0.16759845559845554,66855.36247444153,-6.561279e-09,6.928571428571429
0.008933034,8.3573065,2299843,421.9047619047619,24.77473901101832,3.6666666666666665,0.0,-6.561279e-09,9458,0.17342417065202867,67078.192248106,-6.561279e-09,6.333333333333333
0.008933034,8.3573065,2309850,397.8048780487805,22.8359214081825,3.0,0.0,-6.561279e-09,9499,0.16250871080139376,67294.72792577744,-6.561279e-09,7.0
0.008933034,8.3573065,2319874,442.3809523809524,25.766368321784284,4.190476190476191,0.0,-6.561279e-09,9541,0.18217366946778707,67510.61882853508,-6.561279e-09,5.809523809523809
0.008933034,8.3573065,2329903,405.3658536585366,23.52841650602613,3.4146341463414633,0.0,-6.561279e-09,9582,0.16512026913372585,67713.74654054642,-6.561279e-09,6.585365853658536
0.008933034,8.3573065,2339954,409.0243902439024,23.5389969208749,3.4146341463414633,0.0,-6.561279e-09,9623,0.16741654710664758,67936.07753634453,-6.561279e-09,6.585365853658536
5.9604645e-08,8.357058,2349758,421.219512195122,24.723208650987463,3.1951219512195124,0.0,1.2207031e-08,9664,0.17348696383515558,68379.41438031197,1.2207031e-08,6.804878048780488
5.9604645e-08,8.357058,2359810,399.5238095238095,23.01807112265385,3.380952380952381,0.0,1.2207031e-08,9706,0.16566843033509698,68588.9131975174,1.2207031e-08,6.619047619047619
5.9604645e-08,8.357058,2369825,412.4390243902439,23.66390698471172,3.268292682926829,0.0,1.2207031e-08,9747,0.16803252032520322,68806.83360934258,1.2207031e-08,6.7317073170731705
5.9604645e-08,8.357058,2379940,406.9767441860465,23.610264958126383,3.116279069767442,0.0,1.2207031e-08,9790,0.17047619047619048,69018.58301019669,1.2207031e-08,6.883720930232558
5.9604645e-08,8.357058,2389961,389.2682926829268,22.55565727343893,2.8780487804878048,0.0,1.2207031e-08,9831,0.1567711962833914,69240.38616514206,1.2207031e-08,7.121951219512195
5.9604645e-08,8.357058,2400000,416.5853658536585,24.310521307366667,3.4390243902439024,0.0,1.2207031e-08,9872,0.16874546591619763,69436.19775438309,1.2207031e-08,6.560975609756097
5.9604645e-08,8.357058,2409791,376.1904761904762,21.5528109614154,2.8095238095238093,0.0,1.2207031e-08,9914,0.1549402076620122,69654.60564661026,1.2207031e-08,7.190476190476191
1.1920929e-07,8.357451,2419873,378.40909090909093,22.162645682848982,2.9318181818181817,0.0,-1.4648437e-08,9958,0.15972623672623673,70091.60079479218,-1.4648437e-08,7.068181818181818
1.1920929e-07,8.357451,2429791,381.7073170731707,22.027434067053438,2.902439024390244,0.0,-1.4648437e-08,9999,0.15616294291878452,70316.72078824043,-1.4648437e-08,7.097560975609756
1.1920929e-07,8.357451,2439827,409.5238095238095,23.652574033719585,3.261904761904762,0.0,-1.4648437e-08,10041,0.1710517470145953,70521.96199393272,-1.4648437e-08,6.738095238095238
1.1920929e-07,8.357451,2449827,428.5,24.68748387606431,3.625,0.0,-1.4648437e-08,10081,0.1714,70743.20058107376,-1.4648437e-08,6.375
1.1920929e-07,8.357451,2459877,436.9047619047619,25.22577758758528,3.857142857142857,0.0,-1.4648437e-08,10123,0.17842331635540462,70953.42012476921,-1.4648437e-08,6.142857142857143
1.1920929e-07,8.357451,2469777,394.390243902439,22.424342708914658,3.1463414634146343,0.0,-1.4648437e-08,10164,0.1609665491553542,71172.32781815529,-1.4648437e-08,6.853658536585366
1.1920929e-07,8.357451,2479777,427.75,24.58865020778035,3.6,0.0,-1.4648437e-08,10204,0.17109999999999997,71382.49112510681,-1.4648437e-08,6.4
1.1920929e-07,8.357451,2489796,432.6829268292683,25.095337243799825,3.658536585365854,0.0,-1.4648437e-08,10245,0.1742593068035943,71594.26825761795,-1.4648437e-08,6.341463414634147
0.010174639,8.259756,2499796,415.75,23.917526303726447,3.15,0.0,1.1062622e-08,10285,0.16630000000000003,71850.73132634163,1.1062622e-08,6.85
0.010174639,8.259756,2509966,376.1363636363636,21.884904902055226,2.8636363636363638,0.0,1.1062622e-08,10329,0.15301399224994733,72055.61448669434,1.1062622e-08,7.136363636363637
0.010174639,8.259756,2519988,384.76190476190476,22.30181422673369,3.0952380952380953,0.0,1.1062622e-08,10371,0.16502808302808297,72261.88505196571,1.1062622e-08,6.904761904761905
0.010174639,8.259756,2529764,417.0731707317073,24.115313419152322,3.268292682926829,0.0,1.1062622e-08,10412,0.16816642754662842,72474.20190405846,1.1062622e-08,6.7317073170731705
0.010174639,8.259756,2539842,412.85714285714283,23.720133845160746,3.357142857142857,0.0,1.1062622e-08,10454,0.1711907062341845,72677.99229073524,1.1062622e-08,6.642857142857143
0.010174639,8.259756,2549999,375.77777777777777,22.02273198601663,3.1333333333333333,0.0,1.1062622e-08,10499,0.15672439805982621,72894.28748083115,1.1062622e-08,6.866666666666666
0.010174639,8.259756,2559891,400.0,23.121660775735013,3.1463414634146343,0.0,1.1062622e-08,10540,0.1616306620209059,73107.83640551567,1.1062622e-08,6.853658536585366
0.010174639,8.259756,2569900,418.0487804878049,24.133597831750883,3.682926829268293,0.0,1.1062622e-08,10581,0.16721951219512193,73323.9068596363,1.1062622e-08,6.317073170731708
0.010174639,8.259756,2579909,411.4634146341463,23.8372469868281,3.5365853658536586,0.0,1.1062622e-08,10622,0.16719783197831975,73540.55804920197,1.1062622e-08,6.463414634146342
0.010174639,8.259756,2589930,368.3720930232558,21.230876949955647,3.0232558139534884,0.0,1.1062622e-08,10665,0.15057807308970103,73740.6629550457,1.1062622e-08,6.976744186046512
0.010174639,8.259756,2600000,380.0,21.69121222211928,3.0681818181818183,0.0,1.1062622e-08,10709,0.15913404628699135,73969.01201701164,1.1062622e-08,6.931818181818182
0.010174639,8.259756,2609770,423.6585365853659,24.475949956649398,3.8292682926829267,0.0,1.1062622e-08,10750,0.17099186991869922,74196.21006917953,1.1062622e-08,6.170731707317073
0.008932718,8.3573065,2619806,419.76190476190476,24.3094264391342,3.738095238095238,0.0,-1.2969971e-08,10792,0.17290043290043292,74452.58635044098,-1.2969971e-08,6.261904761904762
0.008932718,8.3573065,2629828,449.5238095238095,26.265452319994385,4.023809523809524,0.0,-1.2969971e-08,10834,0.1883825803825804,74674.42489933968,-1.2969971e-08,5.976190476190476
0.008932718,8.3573065,2639844,384.04761904761904,21.94589534222505,2.880952380952381,0.0,-1.2969971e-08,10876,0.15871957671957676,74890.20124578476,-1.2969971e-08,7.119047619047619
0.008932718,8.3573065,2649863,397.3170731707317,22.82232690997527,2.8536585365853657,0.0,-1.2969971e-08,10917,0.16248523748395383,75110.8284316063,-1.2969971e-08,7.146341463414634
0.008932718,8.3573065,2659870,430.0,24.554988969603905,3.5365853658536586,0.0,-1.2969971e-08,10958,0.17199999999999996,75329.32190036774,-1.2969971e-08,6.463414634146342
0.008932718,8.3573065,2669927,400.2325581395349,23.35346994849976,3.441860465116279,0.0,-1.2969971e-08,11001,0.1652126364924564,75535.96293663979,-1.2969971e-08,6.558139534883721
0.008932718,8.3573065,2679927,410.25,23.668146804208465,3.175,0.0,-1.2969971e-08,11041,0.16410000000000002,75747.4059882164,-1.2969971e-08,6.825
0.008932718,8.3573065,2689958,383.72093023255815,22.389148185656417,2.9767441860465116,0.0,-1.2969971e-08,11084,0.1749190806473548,75964.8903772831,-1.2969971e-08,7.023255813953488
0.008932718,8.3573065,2699981,413.9024390243902,23.779280589677267,3.5609756097560976,0.0,-1.2969971e-08,11125,0.16748674443266173,76174.94841384888,-1.2969971e-08,6.439024390243903
0.008932718,8.3573065,2709999,424.2857142857143,24.28573302921209,3.261904761904762,0.0,-1.2969971e-08,11167,0.17226455026455026,76397.51091313362,-1.2969971e-08,6.738095238095238
0.008932718,8.3573065,2719829,402.1951219512195,23.515108157313563,2.902439024390244,0.0,-1.2969971e-08,11208,0.17005237957517919,76620.87494540215,-1.2969971e-08,7.097560975609756
0.008932718,8.3573065,2729767,387.2093023255814,22.301395423967055,2.883720930232558,0.0,-1.2969971e-08,11251,0.16285391182730521,76821.41571426392,-1.2969971e-08,7.116279069767442
0.008932718,8.3573065,2739776,412.4390243902439,23.63906907568204,3.341463414634146,0.0,-1.2969971e-08,11292,0.1649756097560976,77026.77231502533,-1.2969971e-08,6.658536585365853
0.008932718,8.3573065,2749776,417.5,23.97459161384753,3.65,0.0,-1.2969971e-08,11332,0.16699999999999998,77241.42638158798,-1.2969971e-08,6.35
0.008932718,8.3573065,2759825,415.3658536585366,24.08706867439276,2.975609756097561,0.0,-1.2969971e-08,11373,0.16974813339970135,77459.26397943497,-1.2969971e-08,7.024390243902439
0.008932718,8.3573065,2769875,392.14285714285717,22.916350889694918,3.3333333333333335,0.0,-1.2969971e-08,11415,0.16200000000000003,77675.08120250702,-1.2969971e-08,6.666666666666667
0.008932718,8.3573065,2779914,423.6585365853659,24.481611759476827,3.5121951219512195,0.0,-1.2969971e-08,11456,0.17104690431519698,77879.73132658005,-1.2969971e-08,6.487804878048781
0.008932718,8.3573065,2789788,351.6279069767442,20.31298581387638,2.627906976744186,0.0,-1.2969971e-08,11499,0.1469902994874402,78096.19027876854,-1.2969971e-08,7.372093023255814
0.00058579445,8.38172,2799801,444.8780487804878,25.85420223605099,4.0,0.0,-1.4648437e-08,11540,0.1797298311444653,78386.76307582855,-1.4648437e-08,6.0
0.00058579445,8.38172,2809849,378.3333333333333,21.83152106467384,3.0,0.0,-1.4648437e-08,11582,0.15532989970181618,78609.42711544037,-1.4648437e-08,7.0
0.00058579445,8.38172,2819925,364.3181818181818,20.93949319671447,2.6136363636363638,0.0,-1.4648437e-08,11626,0.1537933746470332,78834.09105920792,-1.4648437e-08,7.386363636363637
0.008933196,8.479349,2829832,390.0,22.55702413038228,2.8095238095238093,0.0,-8.8500975e-09,11668,0.16517556861742907,79109.2582821846,-8.8500975e-09,7.190476190476191
0.00230515,8.52817,2839940,400.90909090909093,23.066765676636127,3.227272727272727,0.0,-7.019043e-09,11712,0.1707250189743976,79387.69419455528,-7.019043e-09,6.7727272727272725
0.00230515,8.52817,2849982,405.7142857142857,23.460679612968484,3.119047619047619,0.0,-7.019043e-09,11754,0.1699565491979285,79601.18070936203,-7.019043e-09,6.880952380952381
0.00230515,8.52817,2859774,404.1463414634146,23.278301677069866,3.1219512195121952,0.0,-7.019043e-09,11795,0.16562984218077478,79813.01550841331,-7.019043e-09,6.878048780487805
0.00230515,8.52817,2869862,366.42857142857144,21.241110836705385,2.880952380952381,0.0,-7.019043e-09,11837,0.1508519099947671,80025.8994178772,-7.019043e-09,7.119047619047619
0.00230515,8.52817,2879904,390.0,22.484426529637737,2.6666666666666665,0.0,-7.019043e-09,11879,0.16215696131825164,80227.50746965408,-7.019043e-09,7.333333333333333
0.008933067,8.625608,2889904,430.75,24.592721234390392,3.4,0.0,-1.2969971e-08,11919,0.17230000000000004,80459.88046526909,-1.2969971e-08,6.6
0.008933067,8.625608,2899904,430.5,24.7971722635026,3.625,0.0,-1.2969971e-08,11959,0.1722,80674.55230331421,-1.2969971e-08,6.375
0.008933067,8.625608,2909904,460.25,26.223026948794637,3.925,0.0,-1.2969971e-08,11999,0.1841,80884.86570620537,-1.2969971e-08,6.075
0.008933067,8.625608,2919965,398.83720930232556,23.092515269183117,2.4186046511627906,0.0,-1.2969971e-08,12042,0.16144280968201236,81100.06713461876,-1.2969971e-08,7.5813953488372094
0.008933067,8.625608,2929771,393.1707317073171,22.427414057864546,2.951219512195122,0.0,-1.2969971e-08,12083,0.16109205350118017,81313.20872044563,-1.2969971e-08,7.048780487804878
0.008933067,8.625608,2939844,391.6279069767442,22.98403561545031,3.4186046511627906,0.0,-1.2969971e-08,12126,0.1651167569971557,81517.90052342415,-1.2969971e-08,6.5813953488372094
0.008933067,8.625608,2949814,425.8536585365854,24.597085256045858,3.7804878048780486,0.0,-1.2969971e-08,12167,0.17266199982715413,81726.18857336044,-1.2969971e-08,6.219512195121951
0.008933067,8.625608,2959814,434.75,25.263012327538156,3.85,0.0,-1.2969971e-08,12207,0.1739,81930.92339229584,-1.2969971e-08,6.15
0.008933067,8.625608,2969835,424.8780487804878,24.392578709292895,3.2195121951219514,0.0,-1.2969971e-08,12248,0.1720789779326365,82136.34370732307,-1.2969971e-08,6.780487804878049
0.008933067,8.625608,2979846,418.780487804878,24.419351542479603,3.4878048780487805,0.0,-1.2969971e-08,12289,0.16963192904656318,82351.26757025719,-1.2969971e-08,6.512195121951219
0.008933067,8.625608,2989855,420.4878048780488,24.586245676310153,3.4146341463414633,0.0,-1.2969971e-08,12330,0.16819512195121952,82546.96494722366,-1.2969971e-08,6.585365853658536
0.008933067,8.625608,2999864,442.6829268292683,25.55448457460301,3.5609756097560976,0.0,-1.2969971e-08,12371,0.17968563685636857,82754.65086483955,-1.2969971e-08,6.439024390243903
0.008933067,8.625608,3009883,412.9268292682927,23.663308561306767,3.292682926829268,0.0,-1.2969971e-08,12412,0.1663568677792041,82945.1013712883,-1.2969971e-08,6.7073170731707314
0.008933067,8.625608,3019883,452.5,26.001328106539972,3.55,0.0,-1.2969971e-08,12452,0.181,83171.88002896309,-1.2969971e-08,6.45
0.0023053885,8.674429,3029900,439.5121951219512,25.26239658480406,3.5121951219512195,0.0,-5.9509278e-09,12493,0.17714203730272593,83420.0168364048,-5.9509278e-09,6.487804878048781
0.0023053885,8.674429,3039998,410.4761904761905,23.51096469961123,3.0714285714285716,0.0,-5.9509278e-09,12535,0.16625789192081322,83615.86942720413,-5.9509278e-09,6.928571428571429
0.0,8.674308,3049998,424.25,24.453996967270974,3.225,0.0,1.15203855e-08,12575,0.16970000000000005,84046.69007992744,1.15203855e-08,6.775
0.0,8.674308,3059998,399.25,23.291033561044166,3.2,0.0,1.15203855e-08,12615,0.15970000000000004,84243.8004667759,1.15203855e-08,6.8
0.0,8.674308,3069786,428.780487804878,24.844913562975908,3.3658536585365852,0.0,1.15203855e-08,12656,0.17770356472795495,84454.90930390358,1.15203855e-08,6.634146341463414
0.0,8.674308,3079823,430.2439024390244,24.64470211038456,3.7560975609756095,0.0,1.15203855e-08,12697,0.1743441001977587,84659.62674641609,1.15203855e-08,6.2439024390243905
0.0,8.674308,3089846,422.6829268292683,24.131402764641063,3.5121951219512195,0.0,1.15203855e-08,12738,0.17099893955461293,84865.86765694618,1.15203855e-08,6.487804878048781
0.0,8.674308,3099846,417.5,24.36762285975537,3.575,0.0,1.15203855e-08,12778,0.167,85066.1461288929,1.15203855e-08,6.425
0.0,8.674308,3109846,430.75,25.25577442569501,3.85,0.0,1.15203855e-08,12818,0.17230000000000004,85284.84259271622,1.15203855e-08,6.15
0.0,8.674308,3119846,418.25,24.41642005558875,3.6,0.0,1.15203855e-08,12858,0.16729999999999995,85489.10993146896,1.15203855e-08,6.4
0.0,8.674308,3129846,415.75,24.054497327863892,3.425,0.0,1.15203855e-08,12898,0.16630000000000006,85693.22668719292,1.15203855e-08,6.575
0.0,8.674308,3139846,425.25,24.593717409449983,3.75,0.0,1.15203855e-08,12938,0.17009999999999997,85900.88256072998,1.15203855e-08,6.25
0.0,8.674308,3149869,435.609756097561,25.33040258445981,3.658536585365854,0.0,1.15203855e-08,12979,0.17616967126193003,86098.16023731232,1.15203855e-08,6.341463414634147
0.0,8.674308,3159898,429.5121951219512,24.789914684509778,3.1219512195121952,0.0,1.15203855e-08,13020,0.17254835996635828,86302.10681271553,1.15203855e-08,6.878048780487805
0.0,8.674308,3169905,433.9024390243902,25.112342216325693,3.4390243902439024,0.0,1.15203855e-08,13061,0.1735609756097561,86501.32194852829,1.15203855e-08,6.560975609756097
0.0,8.674308,3179905,431.25,24.77298312497217,3.375,0.0,1.15203855e-08,13101,0.17250000000000001,86703.76197648048,1.15203855e-08,6.625
0.010174863,8.576802,3189912,408.5365853658537,23.491864713284087,3.2195121951219514,0.0,1.663208e-08,13142,0.166801393728223,86954.96922564507,1.663208e-08,6.780487804878049
0.010174863,8.576802,3199912,451.0,25.976769103273842,3.65,0.0,1.663208e-08,13182,0.18040000000000003,87143.6695895195,1.663208e-08,6.35
0.010174863,8.576802,3209912,421.25,24.336709218109284,3.575,0.0,1.663208e-08,13222,0.1685,87336.00337982178,1.663208e-08,6.425
0.010174863,8.576802,3219945,441.7073170731707,25.495603554001104,3.975609756097561,0.0,1.663208e-08,13263,0.1779660014781966,87538.94166278839,1.663208e-08,6.024390243902439
0.010174863,8.576802,3229813,409.0243902439024,23.756070448641367,3.097560975609756,0.0,1.663208e-08,13304,0.1675352831450392,87735.29413700104,1.663208e-08,6.902439024390244
0.010174863,8.576802,3239944,430.7317073170732,24.92080212159599,3.4634146341463414,0.0,1.663208e-08,13345,0.17406516477378517,87933.36038446426,1.663208e-08,6.536585365853658
0.010174863,8.576802,3249975,411.7073170731707,23.550144109495335,3.4390243902439024,0.0,1.663208e-08,13386,0.16606136900078675,88125.36688709259,1.663208e-08,6.560975609756097
0.010174863,8.576802,3259768,400.0,22.969159035113286,3.35,0.0,1.663208e-08,13426,0.16096279069767447,88313.24524068832,1.663208e-08,6.65
0.010174863,8.576802,3269781,399.2682926829268,23.262024992687824,3.5365853658536586,0.0,1.663208e-08,13467,0.16326454033771104,88516.34319162369,1.663208e-08,6.463414634146342
0.010174863,8.576802,3279796,404.6341463414634,23.087107800387557,3.0,0.0,1.663208e-08,13508,0.16185365853658532,88712.44891095161,1.663208e-08,7.0
0.010174863,8.576802,3289796,424.5,24.25543306989151,3.225,0.0,1.663208e-08,13548,0.16979999999999998,88912.61295557022,1.663208e-08,6.775
0.008933196,8.674429,3299796,400.25,22.713844828165904,2.775,0.0,-1.4648437e-08,13588,0.16010000000000005,89155.84114956856,-1.4648437e-08,7.225
0.008933102,8.772002,3309817,423.1707317073171,24.03067992825862,3.317073170731707,0.0,-1.083374e-08,13629,0.1735238095238095,89379.8379547596,-1.083374e-08,6.682926829268292
0.008933102,8.772002,3319803,395.8139534883721,22.91763627274746,3.4651162790697674,0.0,-1.083374e-08,13672,0.16265083753455847,89574.67335963249,-1.083374e-08,6.534883720930233
0.008933102,8.772002,3329905,390.23809523809524,22.43764434706978,3.0238095238095237,0.0,-1.083374e-08,13714,0.15705990783410137,89769.95415878296,-1.083374e-08,6.976190476190476
0.008933102,8.772002,3339950,402.5581395348837,23.144434382085013,3.13953488372093,0.0,-1.083374e-08,13757,0.16484584541360803,89957.13162302971,-1.083374e-08,6.8604651162790695
0.008933102,8.772002,3349950,414.75,23.4332086017369,3.2,0.0,-1.083374e-08,13797,0.16590000000000002,90148.29486680031,-1.083374e-08,6.8
0.008933102,8.772002,3359759,412.3809523809524,23.79890518214053,3.119047619047619,0.0,-1.083374e-08,13839,0.1685835837841448,90338.1804587841,-1.083374e-08,6.880952380952381
0.008933102,8.772002,3369811,392.6190476190476,22.832472226778318,3.0714285714285716,0.0,-1.083374e-08,13881,0.16136019536019536,90533.23318123817,-1.083374e-08,6.928571428571429
0.008933102,8.772002,3379811,412.5,23.84747720930947,3.2,0.0,-1.083374e-08,13921,0.16499999999999998,90706.8149728775,-1.083374e-08,6.8
0.008933102,8.772002,3389838,428.780487804878,24.968787667878455,3.317073170731707,0.0,-1.083374e-08,13962,0.17473532068654024,90875.30556988716,-1.083374e-08,6.682926829268292
0.010174781,8.674429,3399936,364.3181818181818,20.950470779534268,2.909090909090909,0.0,1.2512207e-08,14006,0.1571635382161698,91097.56539678574,1.2512207e-08,7.090909090909091
0.010174781,8.674429,3409780,403.9024390243902,23.525835726194728,3.4878048780487805,0.0,1.2512207e-08,14047,0.167038920601972,91274.82223939896,1.2512207e-08,6.512195121951219
0.010174781,8.674429,3419953,412.4390243902439,23.705853594137263,3.4146341463414633,0.0,1.2512207e-08,14088,0.16627830255181164,91444.29052090645,1.2512207e-08,6.585365853658536
0.010174781,8.674429,3429997,386.9047619047619,21.96990871409914,2.9761904761904763,0.0,1.2512207e-08,14130,0.15862032929113676,91614.96914434433,1.2512207e-08,7.023809523809524
0.010174781,8.674429,3439756,393.75,22.491892533428835,2.875,0.0,1.2512207e-08,14170,0.16017777777777772,91780.27504396439,1.2512207e-08,7.125
3.7312508e-05,8.668423,3449958,383.04347826086956,22.255756891690545,3.0,0.0,1.7395019e-08,14216,0.16436443402948378,92038.67051053047,1.7395019e-08,7.0
3.7312508e-05,8.668423,3459975,410.7317073170732,23.876858601381148,3.4146341463414633,0.0,1.7395019e-08,14257,0.1656298421807747,92207.43194270134,1.7395019e-08,6.585365853658536
3.7312508e-05,8.668423,3469783,408.83720930232556,23.390670016710235,3.8372093023255816,0.0,1.7395019e-08,14300,0.17613895452472747,92378.16048550606,1.7395019e-08,6.162790697674419
3.7312508e-05,8.668423,3479828,429.5121951219512,24.9190903732803,3.5853658536585367,0.0,1.7395019e-08,14341,0.1735826558265582,92553.1295762062,1.7395019e-08,6.414634146341464
3.7312508e-05,8.668423,3489771,374.04761904761904,22.05329513825299,3.0476190476190474,0.0,1.7395019e-08,14383,0.15558467117931268,92718.14636540413,1.7395019e-08,6.9523809523809526
3.7312508e-05,8.668423,3499771,412.0,23.488866057515814,3.375,0.0,1.7395019e-08,14423,0.1648,92880.78350400925,1.7395019e-08,6.625
3.7312508e-05,8.668423,3509805,362.3809523809524,21.038300132943583,2.5238095238095237,0.0,1.7395019e-08,14465,0.1506182917611489,93057.08078479767,1.7395019e-08,7.476190476190476
3.7312508e-05,8.668423,3519805,398.75,22.58950256334624,2.85,0.0,1.7395019e-08,14505,0.15950000000000003,93226.51976156235,1.7395019e-08,7.15
3.7312508e-05,8.668423,3529805,433.0,25.167759099208325,3.4,0.0,1.7395019e-08,14545,0.17320000000000002,93399.96572637558,1.7395019e-08,6.6
3.7312508e-05,8.668423,3539812,417.5609756097561,24.155685827250615,3.3902439024390243,0.0,1.7395019e-08,14586,0.16702439024390245,93572.08344912529,1.7395019e-08,6.609756097560975
3.7312508e-05,8.668423,3549854,413.3333333333333,24.006154460482602,3.642857142857143,0.0,1.7395019e-08,14628,0.17156462585034019,93737.05916929245,1.7395019e-08,6.357142857142857
3.7312508e-05,8.668423,3559879,415.3658536585366,24.17881343738493,3.5121951219512195,0.0,1.7395019e-08,14669,0.16965853658536587,93913.14660406113,1.7395019e-08,6.487804878048781
3.7312508e-05,8.668423,3569972,423.4146341463415,24.200392678254637,3.5365853658536586,0.0,1.7395019e-08,14710,0.1715069499082088,94090.3358528614,1.7395019e-08,6.463414634146342
3.7312508e-05,8.668423,3579972,402.25,22.955236770145724,3.3,0.0,1.7395019e-08,14750,0.1609,94256.48129272461,1.7395019e-08,6.7
0.008933077,8.765996,3589754,394.1463414634146,22.59155165945796,2.8292682926829267,0.0,-6.866455e-09,14791,0.1591869918699187,94457.67633295059,-6.866455e-09,7.170731707317073
0.008933077,8.765996,3599813,437.5609756097561,25.505358726838345,3.7560975609756095,0.0,-6.866455e-09,14832,0.17849855312112442,94632.88334822655,-6.866455e-09,6.2439024390243905
0.008933196,8.863627,3609905,385.95238095238096,22.175375328261225,2.9285714285714284,0.0,-1.0299683e-08,14874,0.15954559908254487,94842.26180672646,-1.0299683e-08,7.071428571428571
0.008933196,8.863627,3619973,391.1904761904762,22.353357269024634,3.261904761904762,0.0,-1.0299683e-08,14916,0.1596901965845055,95017.50486969948,-1.0299683e-08,6.738095238095238
1.1920929e-07,8.86388,3629859,419.2682926829268,24.28748057822206,3.268292682926829,0.0,-9.155274e-09,14957,0.1742425096152324,95357.12114977837,-9.155274e-09,6.7317073170731705
1.1920929e-07,8.86388,3639897,419.5238095238095,24.36194464423585,3.142857142857143,0.0,-9.155274e-09,14999,0.1706653839987173,95530.66676402092,-9.155274e-09,6.857142857142857
1.1920929e-07,8.86388,3649942,388.3720930232558,22.052142630870808,2.7906976744186047,0.0,-9.155274e-09,15042,0.15987270501835987,95691.46804594994,-9.155274e-09,7.209302325581396
1.1920929e-07,8.86388,3659942,435.75,25.23672021508788,3.7,0.0,-9.155274e-09,15082,0.17430000000000007,95868.35231637955,-9.155274e-09,6.3
1.1920929e-07,8.86388,3669951,401.7073170731707,23.042224093887405,3.292682926829268,0.0,-9.155274e-09,15123,0.16329539295392953,96034.25972342491,-9.155274e-09,6.7073170731707314
9.298325e-06,8.867045,3679992,412.5581395348837,23.76643346193447,3.5813953488372094,0.0,-9.002686e-09,15166,0.17080242329489934,96312.52714848518,-9.002686e-09,6.4186046511627906
9.298325e-06,8.867045,3689992,436.0,25.100434599785327,3.525,0.0,-9.002686e-09,15206,0.17440000000000003,96479.57005620003,-9.002686e-09,6.475
9.298325e-06,8.867045,3699800,409.0243902439024,23.75570375368944,3.292682926829268,0.0,-9.002686e-09,15247,0.16688543976348852,96653.85016441345,-9.002686e-09,6.7073170731707314
9.298325e-06,8.867045,3709819,430.2439024390244,24.85996475725125,3.8780487804878048,0.0,-9.002686e-09,15288,0.17565596919127088,96825.00073003769,-9.002686e-09,6.121951219512195
9.298325e-06,8.867045,3719819,435.75,25.156417344984483,3.575,0.0,-9.002686e-09,15328,0.17429999999999998,96998.1703081131,-9.002686e-09,6.425
9.298325e-06,8.867045,3729842,416.0975609756098,24.062235657902516,3.951219512195122,0.0,-9.002686e-09,15369,0.16836479321314948,97171.30969762802,-9.002686e-09,6.048780487804878
9.298325e-06,8.867045,3739847,439.5121951219512,25.228646080412258,3.7804878048780486,0.0,-9.002686e-09,15410,0.1758048780487805,97338.24557185173,-9.002686e-09,6.219512195121951
9.298325e-06,8.867045,3749871,383.8095238095238,21.814613158138922,2.357142857142857,0.0,-9.002686e-09,15452,0.15813525410164067,97509.04882001877,-9.002686e-09,7.642857142857143
9.298325e-06,8.867045,3759876,394.6341463414634,22.906422783723222,3.2439024390243905,0.0,-9.002686e-09,15493,0.15785365853658537,97681.10048007965,-9.002686e-09,6.7560975609756095
0.008933196,8.964491,3769941,402.3255813953488,23.25272506791383,3.2325581395348837,0.0,-2.3078919e-09,15536,0.1653342154884382,97887.3916258812,-2.3078919e-09,6.767441860465116
0.008933196,8.964491,3779988,440.2439024390244,25.494807483792435,3.2195121951219514,0.0,-2.3078919e-09,15577,0.17862584327970943,98065.59529542923,-2.3078919e-09,6.780487804878049
0.008933196,8.964491,3789910,367.6744186046512,21.423391067474007,2.9069767441860463,0.0,-2.3078919e-09,15620,0.15792472565411259,98230.25285196304,-2.3078919e-09,7.093023255813954
0.008933196,8.964491,3799937,443.4146341463415,25.850821671356428,3.658536585365854,0.0,-2.3078919e-09,15661,0.18139476061427282,98405.93625473976,-2.3078919e-09,6.341463414634147
0.008933196,8.964491,3809961,416.42857142857144,24.35075899348555,3.5476190476190474,0.0,-2.3078919e-09,15703,0.1683076923076923,98573.2371339798,-2.3078919e-09,6.4523809523809526
0.008933196,8.964491,3819986,400.0,23.046569323448036,3.1463414634146343,0.0,-2.3078919e-09,15744,0.16087804878048784,98744.27699542046,-2.3078919e-09,6.853658536585366
0.008933196,8.964491,3829816,394.8837209302326,22.988111273597074,3.302325581395349,0.0,-2.3078919e-09,15787,0.1654845146693372,98914.7670249939,-2.3078919e-09,6.6976744186046515
0.008933196,8.964491,3839890,382.5,22.42295709716818,3.25,0.0,-2.3078919e-09,15831,0.16440952723166166,99082.89076709747,-2.3078919e-09,6.75
0.008933196,8.964491,3849946,419.2857142857143,24.0451615024657,3.4523809523809526,0.0,-2.3078919e-09,15873,0.1748545872731919,99254.90584731102,-2.3078919e-09,6.5476190476190474
0.008933196,8.964491,3860000,402.27272727272725,22.988434800460666,3.6136363636363638,0.0,-2.3078919e-09,15917,0.16994120230437365,99415.53378891945,-2.3078919e-09,6.386363636363637
0.008933196,8.964491,3870000,443.25,25.27177313298369,4.075,0.0,-2.3078919e-09,15957,0.1773,99584.70864319801,-2.3078919e-09,5.925
0.008933196,8.964491,3880000,442.25,25.56477694206682,3.55,0.0,-2.3078919e-09,15997,0.17689999999999997,99749.98792815208,-2.3078919e-09,6.45
0.008933196,8.964491,3889855,395.0,23.040435021878636,2.875,0.0,-2.3078919e-09,16037,0.1604857142857143,99910.9583594799,-2.3078919e-09,7.125
0.008933196,8.964491,3899870,440.4878048780488,25.50865538622175,3.682926829268293,0.0,-2.3078919e-09,16078,0.1792520325203252,100079.82575726509,-2.3078919e-09,6.317073170731708
0.008933196,8.964491,3909909,394.8837209302326,22.50503674657258,2.6511627906976742,0.0,-2.3078919e-09,16121,0.16603805496828755,100245.37976336479,-2.3078919e-09,7.348837209302325
0.008933196,8.964491,3919998,405.1162790697674,23.41531818184032,3.255813953488372,0.0,-2.3078919e-09,16164,0.16917289678736835,100418.4098572731,-2.3078919e-09,6.744186046511628
0.008933196,8.964491,3929810,383.72093023255815,22.092273186402718,2.883720930232558,0.0,-2.3078919e-09,16207,0.16803264097570433,100588.55121564865,-2.3078919e-09,7.116279069767442
0.008933196,8.964491,3939810,419.75,23.917810062752245,3.025,0.0,-2.3078919e-09,16247,0.16790000000000002,100752.0698773861,-2.3078919e-09,6.975
0.008933196,8.964491,3949817,394.6341463414634,22.363480982565694,3.024390243902439,0.0,-2.3078919e-09,16288,0.16124041811846693,100916.71631145477,-2.3078919e-09,6.975609756097561
0.008933196,8.964491,3959886,396.8888888888889,23.077569060583144,3.6222222222222222,0.0,-2.3078919e-09,16333,0.1627824640264538,101079.60643076897,-2.3078919e-09,6.377777777777778
0.008933196,8.964491,3969952,408.8095238095238,23.439449521238345,3.261904761904762,0.0,-2.3078919e-09,16375,0.16947432441772065,101251.8788523674,-2.3078919e-09,6.738095238095238
0.008933196,8.964491,3979979,402.1951219512195,23.045492091113417,3.1463414634146343,0.0,-2.3078919e-09,16416,0.1641011743450768,101436.86012768745,-2.3078919e-09,6.853658536585366
0.008933196,8.964491,3989752,419.75,24.04851027208369,3.675,0.0,-2.3078919e-09,16456,0.1718478260869566,101597.35813593864,-2.3078919e-09,6.325
5.9604645e-08,8.964814,3999769,408.780487804878,23.62430030600162,3.5609756097560976,0.0,-9.689331e-09,16497,0.16618651362984216,101942.04492402077,-9.689331e-09,6.439024390243903
5.9604645e-08,8.964814,4009836,384.44444444444446,22.293743376396996,2.911111111111111,0.0,-9.689331e-09,16542,0.164194708994709,102105.80476641655,-9.689331e-09,7.088888888888889
5.9604645e-08,8.964814,4019979,385.8139534883721,22.50884217492061,3.0232558139534884,0.0,-9.689331e-09,16585,0.16120559274230944,102287.38358163834,-9.689331e-09,6.976744186046512
5.9604645e-08,8.964814,4029833,403.1707317073171,23.194164736224202,3.073170731707317,0.0,-9.689331e-09,16626,0.16364451920381276,102458.8141503334,-9.689331e-09,6.926829268292683
5.9604645e-08,8.964814,4039962,401.16279069767444,23.34305818307368,3.372093023255814,0.0,-9.689331e-09,16669,0.16769759677937904,102624.3222720623,-9.689331e-09,6.627906976744186
0.008933204,9.062119,4049991,430.7317073170732,24.94609193752788,3.707317073170732,0.0,-1.8463135e-08,16710,0.17377964676198485,102821.06418681145,-1.8463135e-08,6.2926829268292686
0.008933204,9.062119,4059991,412.5,23.860689618237636,3.325,0.0,-1.8463135e-08,16750,0.16499999999999998,102982.63541221619,-1.8463135e-08,6.675
0.008933204,9.062119,4069769,410.9756097560976,23.708326009273055,3.317073170731707,0.0,-1.8463135e-08,16791,0.164390243902439,103152.58336830139,-1.8463135e-08,6.682926829268292
0.008933204,9.062119,4079793,429.04761904761904,24.645467146889256,3.7857142857142856,0.0,-1.8463135e-08,16833,0.18084193677470992,103322.781665802,-1.8463135e-08,6.214285714285714
0.008933204,9.062119,4089793,421.25,23.909068507898397,3.45,0.0,-1.8463135e-08,16873,0.16849999999999996,103496.41005373001,-1.8463135e-08,6.55
0.008933204,9.062119,4099793,429.25,24.882265130671453,3.675,0.0,-1.8463135e-08,16913,0.17170000000000002,103670.09813332558,-1.8463135e-08,6.325
0.008933204,9.062119,4109883,371.59090909090907,21.51277760599897,3.159090909090909,0.0,-1.8463135e-08,16957,0.15431346094982462,103835.66491627693,-1.8463135e-08,6.840909090909091
0.008933204,9.062119,4119896,427.5609756097561,24.610192885044803,3.5853658536585367,0.0,-1.8463135e-08,16998,0.17102439024390245,104004.14447522163,-1.8463135e-08,6.414634146341464
0.008933204,9.062119,4129903,410.0,23.716399004894182,3.5853658536585367,0.0,-1.8463135e-08,17039,0.16738675958188154,104167.39036083221,-1.8463135e-08,6.414634146341464
0.008933204,9.062119,4139947,425.95238095238096,24.611294505707036,3.7857142857142856,0.0,-1.8463135e-08,17081,0.1716334776334776,104337.95522093773,-1.8463135e-08,6.214285714285714
0.008933204,9.062119,4149755,401.219512195122,22.61657507103456,3.2195121951219514,0.0,-1.8463135e-08,17122,0.16301287683684287,104513.2894423008,-1.8463135e-08,6.780487804878049
0.008933204,9.062119,4159755,426.0,24.904867870988518,3.825,0.0,-1.8463135e-08,17162,0.17040000000000005,104682.11701750755,-1.8463135e-08,6.175
0.008933204,9.062119,4169755,403.0,23.1784502115961,3.125,0.0,-1.8463135e-08,17202,0.16120000000000004,104848.18377065659,-1.8463135e-08,6.875
0.008933102,9.159695,4179799,386.9047619047619,22.254034337131472,3.2857142857142856,0.0,-4.119873e-09,17244,0.16337263794406648,105053.5401031971,-4.119873e-09,6.714285714285714
0.008933102,9.159695,4189916,388.3720930232558,22.4338074902876,3.3255813953488373,0.0,-4.119873e-09,17287,0.15852710752022905,105216.17341399193,-4.119873e-09,6.674418604651163
0.008933102,9.159695,4199925,418.0487804878049,24.137683486231573,3.0,0.0,-4.119873e-09,17328,0.167219512195122,105389.29583859444,-4.119873e-09,7.0
0.008933102,9.159695,4209936,423.6585365853659,24.57088022463584,3.4390243902439024,0.0,-4.119873e-09,17369,0.17370288248337026,105565.72495031357,-4.119873e-09,6.560975609756097
0.008933102,9.159695,4219857,419.04761904761904,24.385114366725297,3.761904761904762,0.0,-4.119873e-09,17411,0.16979953085397645,105728.04040694237,-4.119873e-09,6.238095238095238
0.008933102,9.159695,4229857,425.75,24.382883026708747,3.225,0.0,-4.119873e-09,17451,0.1703,105898.74500083923,-4.119873e-09,6.775
0.008933102,9.159695,4239942,361.3953488372093,20.784663387474318,2.7906976744186047,0.0,-4.119873e-09,17494,0.14953927824359717,106070.10154795647,-4.119873e-09,7.209302325581396
0.008933102,9.159695,4249971,389.5348837209302,22.558341239945968,3.2093023255813953,0.0,-4.119873e-09,17537,0.15783509513742075,106233.57673168182,-4.119873e-09,6.790697674418604
0.008933204,9.257325,4259763,400.7317073170732,23.211409742170385,3.3902439024390243,0.0,-8.392334e-09,17578,0.16629324105598034,106433.67589759827,-8.392334e-09,6.609756097560975
0.008933204,9.257325,4269778,413.6585365853659,23.66040654690958,3.7804878048780486,0.0,-8.392334e-09,17619,0.17004878048780486,106606.34016108513,-8.392334e-09,6.219512195121951
0.008933204,9.257325,4279874,433.3333333333333,25.18926719296026,3.261904761904762,0.0,-8.392334e-09,17661,0.17979659024103473,106774.91833782196,-8.392334e-09,6.738095238095238
0.008933204,9.257325,4289889,428.2926829268293,24.670695321019515,3.5609756097560976,0.0,-8.392334e-09,17702,0.17284552845528456,106943.51954364777,-8.392334e-09,6.439024390243903
0.008933204,9.257325,4299922,391.219512195122,22.28973097539881,2.8780487804878048,0.0,-8.392334e-09,17743,0.1590539541759054,107107.73663377762,-8.392334e-09,7.121951219512195
0.008933204,9.257325,4309988,381.8181818181818,22.275179233863113,2.8863636363636362,0.0,-8.392334e-09,17787,0.1597957728545964,107268.21167612076,-8.392334e-09,7.113636363636363
0.008933204,9.257325,4319988,410.0,23.96866696093712,3.275,0.0,-8.392334e-09,17827,0.164,107441.2936527729,-8.392334e-09,6.725
0.008933204,9.257325,4329988,425.5,24.616943414825514,3.35,0.0,-8.392334e-09,17867,0.17020000000000002,107608.72740101814,-8.392334e-09,6.65
0.008933204,9.257325,4339794,379.5348837209302,22.01488097704269,2.883720930232558,0.0,-8.392334e-09,17910,0.16481441892564241,107776.68058753014,-8.392334e-09,7.116279069767442
0.008933204,9.257325,4349794,408.75,23.389302695481796,3.225,0.0,-8.392334e-09,17950,0.16349999999999998,107950.24985814095,-8.392334e-09,6.775
0.008933204,9.257325,4359799,421.219512195122,24.310148600422835,3.926829268292683,0.0,-8.392334e-09,17991,0.17326829268292684,108122.85359215736,-8.392334e-09,6.073170731707317
0.008933204,9.257325,4369906,414.1860465116279,23.70754080180116,2.9767441860465116,0.0,-8.392334e-09,18034,0.16934425268307873,108296.53216671944,-8.392334e-09,7.023255813953488
0.008933204,9.257325,4379925,426.8292682926829,24.928527496777566,3.731707317073171,0.0,-8.392334e-09,18075,0.17547625160462127,108465.35177516937,-8.392334e-09,6.2682926829268295
0.008933204,9.257325,4389752,390.4761904761905,22.535739462314243,3.1904761904761907,0.0,-8.392334e-09,18117,0.16347057797477968,108647.40189409256,-8.392334e-09,6.809523809523809
0.01017476,9.159695,4399813,393.48837209302326,22.70927060427648,2.7209302325581395,0.0,1.6784668e-08,18160,0.16693733531905147,108856.11307692528,1.6784668e-08,7.27906976744186
0.01017476,9.159695,4409921,387.27272727272725,22.41544630565542,3.522727272727273,0.0,1.6784668e-08,18204,0.164231873410003,109031.1150560379,1.6784668e-08,6.4772727272727275
0.01017476,9.159695,4419782,388.5,22.406492370174867,2.95,0.0,1.6784668e-08,18244,0.15715315315315315,109212.36296224594,1.6784668e-08,7.05
0.01017476,9.159695,4429808,409.76190476190476,23.734607685240423,3.6904761904761907,0.0,1.6784668e-08,18286,0.16953535353535357,109378.32063484192,1.6784668e-08,6.309523809523809
0.01017476,9.159695,4439837,389.09090909090907,22.663628837669638,3.272727272727273,0.0,1.6784668e-08,18330,0.1700254911476328,109555.25411653519,1.6784668e-08,6.7272727272727275
0.01017476,9.159695,4449925,422.6190476190476,24.589372232127896,3.3333333333333335,0.0,1.6784668e-08,18372,0.17453951457126063,109726.34474754333,1.6784668e-08,6.666666666666667
0.01017476,9.159695,4459938,428.780487804878,24.739110891307593,3.8536585365853657,0.0,1.6784668e-08,18413,0.17329080675422134,109893.23028612137,1.6784668e-08,6.146341463414634
0.01017476,9.159695,4469988,449.2857142857143,25.706318627167672,4.142857142857143,0.0,1.6784668e-08,18455,0.1836559543357573,110056.55141854286,1.6784668e-08,5.857142857142857
0.00060510635,9.1352825,4479988,438.25,25.49592787582029,3.7,0.0,6.7138672e-09,18495,0.1753,110292.01733231544,6.7138672e-09,6.3
0.00060510635,9.1352825,4489823,415.0,24.200288655077607,3.475,0.0,6.7138672e-09,18535,0.16774705882352942,110458.85986661911,6.7138672e-09,6.525
0.00060510635,9.1352825,4499832,415.8536585365854,23.703905465053236,3.1463414634146343,0.0,6.7138672e-09,18576,0.16634146341463416,110638.697067976,6.7138672e-09,6.853658536585366
0.00060510635,9.1352825,4509872,389.04761904761904,22.537964874219234,3.3095238095238093,0.0,6.7138672e-09,18618,0.1615333674688514,110811.85096359253,6.7138672e-09,6.690476190476191
0.008933416,9.232912,4519984,427.14285714285717,24.734312414163973,3.738095238095238,0.0,-9.2315675e-09,18660,0.1720804438280167,111017.92797613144,-9.2315675e-09,6.261904761904762
0.008933416,9.232912,4529813,397.3809523809524,22.9468503358309,3.1904761904761907,0.0,-9.2315675e-09,18702,0.16856488345688903,111193.621509552,-9.2315675e-09,6.809523809523809
0.008933416,9.232912,4539813,430.75,25.12936471476327,3.7,0.0,-9.2315675e-09,18742,0.17229999999999998,111357.93324327469,-9.2315675e-09,6.3
0.008933416,9.232912,4549813,432.5,24.74201431951823,3.075,0.0,-9.2315675e-09,18782,0.173,111530.5343708992,-9.2315675e-09,6.925
0.008933416,9.232912,4559828,408.5365853658537,23.501575982209737,3.4634146341463414,0.0,-9.2315675e-09,18823,0.168,111699.61745452881,-9.2315675e-09,6.536585365853658
0.008933416,9.232912,4569828,423.75,24.415098354100895,3.475,0.0,-9.2315675e-09,18863,0.1695,111876.17007923126,-9.2315675e-09,6.525
0.008933416,9.232912,4579839,396.0975609756098,22.625041440770204,2.8048780487804876,0.0,-9.2315675e-09,18904,0.1605587583148559,112055.19561123848,-9.2315675e-09,7.195121951219512
0.008933416,9.232912,4589979,402.14285714285717,23.09567370886979,3.261904761904762,0.0,-9.2315675e-09,18946,0.1700007432181345,112221.08891606331,-9.2315675e-09,6.738095238095238
0.008933416,9.232912,4599986,400.9756097560976,23.126509874387935,3.1463414634146343,0.0,-9.2315675e-09,18987,0.16039024390243903,112399.14369630814,-9.2315675e-09,6.853658536585366
0.008933416,9.232912,4609832,377.4418604651163,21.878241821920057,2.604651162790698,0.0,-9.2315675e-09,19030,0.16549407364181645,112575.9318125248,-9.2315675e-09,7.395348837209302
0.008933416,9.232912,4619791,394.5238095238095,23.05046132590003,3.4523809523809526,0.0,-9.2315675e-09,19072,0.16387810930218483,112753.59449625015,-9.2315675e-09,6.5476190476190474
0.008933416,9.232912,4629893,392.85714285714283,22.619575607395475,3.0952380952380953,0.0,-9.2315675e-09,19114,0.16472008062484253,112928.14053702354,-9.2315675e-09,6.904761904761905
0.008933204,9.33056,4639893,450.25,25.859188068437163,3.975,0.0,-1.19018555e-08,19154,0.18010000000000004,113144.30242443085,-1.19018555e-08,6.025
0.008933204,9.33056,4649921,391.42857142857144,22.745846493673696,2.6666666666666665,0.0,-1.19018555e-08,19196,0.159687074829932,113322.12818527222,-1.19018555e-08,7.333333333333333
0.008933204,9.33056,4659840,379.2857142857143,22.13904600775324,2.738095238095238,0.0,-1.19018555e-08,19238,0.15562025496253687,113496.09503030777,-1.19018555e-08,7.261904761904762
0.008933204,9.33056,4669840,396.25,22.884090674365957,2.875,0.0,-1.19018555e-08,19278,0.15849999999999997,113666.43038511276,-1.19018555e-08,7.125
0.008933204,9.33056,4679759,390.0,22.375234812941603,2.738095238095238,0.0,-1.19018555e-08,19320,0.1634529534947617,113836.65939974785,-1.19018555e-08,7.261904761904762
0.008933204,9.33056,4689927,404.76190476190476,23.26199890558841,3.1666666666666665,0.0,-1.19018555e-08,19362,0.16610394802598702,114014.90953350067,-1.19018555e-08,6.833333333333333
0.008933102,9.428188,4699934,429.0243902439024,24.40919585618568,3.268292682926829,0.0,-6.1035155e-09,19403,0.178383275261324,114221.58315062523,-6.1035155e-09,6.7317073170731705
0.008933102,9.428188,4709943,420.7317073170732,23.97027507831975,3.5121951219512195,0.0,-6.1035155e-09,19444,0.1709051490514905,114396.72931432724,-6.1035155e-09,6.487804878048781
0.008933416,9.52577,4719943,454.5,26.193696223065082,4.4,0.0,-1.4877319e-08,19484,0.1818,114613.00999188423,-1.4877319e-08,5.6
0.008933416,9.52577,4729833,399.5121951219512,22.811684745276732,3.048780487804878,0.0,-1.4877319e-08,19525,0.16126389143590683,114779.54067206383,-1.4877319e-08,6.951219512195122
0.008933416,9.52577,4739774,362.5,20.678583808654427,2.9318181818181817,0.0,-1.4877319e-08,19569,0.1533524904214559,114954.59169244766,-1.4877319e-08,7.068181818181818
0.008933416,9.52577,4749783,395.609756097561,22.76345329170355,3.073170731707317,0.0,-1.4877319e-08,19610,0.1634688346883469,115127.55698180199,-1.4877319e-08,6.926829268292683
0.008933416,9.52577,4759800,397.5609756097561,23.103218813716424,3.1951219512195124,0.0,-1.4877319e-08,19651,0.1590243902439025,115309.76425647736,-1.4877319e-08,6.804878048780488
0.008933416,9.52577,4769800,420.5,23.998815521313855,2.9,0.0,-1.4877319e-08,19691,0.16820000000000002,115487.31616210938,-1.4877319e-08,7.1
0.008933416,9.52577,4779805,436.8292682926829,25.314403032381,3.6341463414634148,0.0,-1.4877319e-08,19732,0.17473170731707316,115650.34933328629,-1.4877319e-08,6.365853658536586
0.008933416,9.52577,4789841,420.95238095238096,24.25943096570304,3.619047619047619,0.0,-1.4877319e-08,19774,0.17199713330148117,115814.9562485218,-1.4877319e-08,6.380952380952381
0.008933416,9.52577,4799883,423.8095238095238,24.5524396412643,3.5,0.0,-1.4877319e-08,19816,0.1742577030812325,115984.70454931259,-1.4877319e-08,6.5
0.008933416,9.52577,4809914,433.6585365853659,25.332826729578162,3.8292682926829267,0.0,-1.4877319e-08,19857,0.1775987411487018,116162.09129667282,-1.4877319e-08,6.170731707317073
0.008933416,9.52577,4819945,420.9756097560976,24.053212210355337,3.317073170731707,0.0,-1.4877319e-08,19898,0.16907946498819826,116328.25466895103,-1.4877319e-08,6.682926829268292
0.008933416,9.52577,4829850,398.3333333333333,23.212925823657407,3.5,0.0,-1.4877319e-08,19940,0.16540982006093352,116497.48219132423,-1.4877319e-08,6.5
0.008933416,9.52577,4839850,418.0,24.10298201562103,3.0,0.0,-1.4877319e-08,19980,0.1672,116670.82852315903,-1.4877319e-08,7.0
0.008933416,9.52577,4849910,405.23809523809524,23.52878689897487,3.3333333333333335,0.0,-1.4877319e-08,20022,0.1737922077922078,116844.13091516495,-1.4877319e-08,6.666666666666667
0.008933416,9.52577,4859751,368.8095238095238,21.4217434929552,2.738095238095238,0.0,-1.4877319e-08,20064,0.15372530426311937,117016.34625577927,-1.4877319e-08,7.261904761904762
0.008933416,9.52577,4869833,397.95454545454544,22.81890954579048,3.272727272727273,0.0,-1.4877319e-08,20108,0.16574458874458875,117196.93423581123,-1.4877319e-08,6.7272727272727275
0.008933416,9.52577,4879833,401.0,23.079803109501533,2.75,0.0,-1.4877319e-08,20148,0.16039999999999993,117368.09509563446,-1.4877319e-08,7.25
0.008933416,9.52577,4889833,449.25,25.745109569946614,3.575,0.0,-1.4877319e-08,20188,0.17970000000000003,117537.77549242973,-1.4877319e-08,6.425
0.008933416,9.52577,4899867,384.5238095238095,22.267368156283652,3.0238095238095237,0.0,-1.4877319e-08,20230,0.16278155706727135,117702.41439437866,-1.4877319e-08,6.976190476190476
0.008933416,9.52577,4909904,406.51162790697674,23.118968096218527,3.5348837209302326,0.0,-1.4877319e-08,20273,0.17321045789397654,117868.38840293884,-1.4877319e-08,6.465116279069767
0.008933416,9.52577,4919916,420.4761904761905,24.108590051125375,3.8095238095238093,0.0,-1.4877319e-08,20315,0.1728571428571429,118045.35812807083,-1.4877319e-08,6.190476190476191
0.008933416,9.52577,4929987,386.74418604651163,22.336660826827984,3.4186046511627906,0.0,-1.4877319e-08,20358,0.15893437160195026,118226.08584809303,-1.4877319e-08,6.5813953488372094
0.008933416,9.52577,4939987,433.25,25.35857375614981,3.725,0.0,-1.4877319e-08,20398,0.17329999999999998,118400.21712446213,-1.4877319e-08,6.275
0.008933416,9.52577,4949785,393.4146341463415,22.93344418960496,3.292682926829268,0.0,-1.4877319e-08,20439,0.16094237469847228,118572.87176704407,-1.4877319e-08,6.7073170731707314
0.008933416,9.52577,4959847,375.7142857142857,21.5419421713918,2.7142857142857144,0.0,-1.4877319e-08,20481,0.1541930501930502,118740.08745670319,-1.4877319e-08,7.285714285714286
0.008933416,9.52577,4969876,422.6829268292683,24.5041574659004,3.317073170731707,0.0,-1.4877319e-08,20522,0.17056013456686286,118911.98949956894,-1.4877319e-08,6.682926829268292
0.008933416,9.52577,4979926,367.27272727272725,21.201889522617282,2.840909090909091,0.0,-1.4877319e-08,20566,0.15329384756657483,119076.30347800255,-1.4877319e-08,7.159090909090909
0.008933416,9.52577,4989829,370.0,21.4771943594688,2.977272727272727,0.0,-1.4877319e-08,20610,0.1563744877183769,119249.1787712574,-1.4877319e-08,7.0227272727272725
0.008933416,9.52577,4999847,397.3809523809524,22.979687257644613,3.0952380952380953,0.0,-1.4877319e-08,20652,0.16102164502164504,119418.73453474045,-1.4877319e-08,6.904761904761905
