surrgain,Fce,TimestepsSoFar,entropy,AttNC,TtR,TimeElapsed,MtR,EpisodesSoFar,meankl,entloss,optimgain,AttC
0.0006756012,0.17689264793343418,9987,1.4296097,0.6470588235294118,52.51764705882353,42.147905588150024,10.425347634301215,85,0.0027056357,0.0,0.0006756012,2.3529411764705883
0.0006802419,0.12820014948993863,19863,1.4300443,0.9322033898305084,78.35593220338983,81.95750403404236,15.244793293906433,144,0.002173321,0.0,0.0006802419,2.0677966101694913
0.0007911311,0.11814721804425143,29841,1.4212737,1.0909090909090908,80.23636363636363,122.55181574821472,15.365815822194273,199,0.002386714,0.0,0.0007911311,1.9090909090909092
0.0006969528,0.1392042328042328,39858,1.4269903,1.3555555555555556,96.6,165.55704379081726,18.51937675325975,244,0.0030324657,0.0,0.0006969528,1.6444444444444444
0.00063914235,0.1372476646160857,49903,1.4329479,1.2765957446808511,91.91489361702128,206.20416021347046,17.723779617892664,291,0.0025845298,0.0,0.00063914235,1.7234042553191489
0.0013623128,0.13453519434191702,59824,1.418332,1.0714285714285714,79.39285714285714,246.22145771980286,15.407465082604926,347,0.00604103,0.0,0.0013623128,1.9285714285714286
0.0007151489,0.13641669206100446,69928,1.4268805,1.3333333333333333,88.5625,285.76038336753845,17.022446119421065,395,0.0024303761,0.0,0.0007151489,1.6666666666666667
0.0009490763,0.132410582010582,79957,1.4224406,1.4666666666666666,96.4,328.6648955345154,18.298872050417682,440,0.003511883,0.0,0.0009490763,1.5333333333333334
0.0010471751,0.1193665966412704,89946,1.3965319,1.2037037037037037,79.33333333333333,369.45320534706116,15.079652856448527,494,0.004489275,0.0,0.0010471751,1.7962962962962963
0.0011599335,0.13231893687707644,99957,1.3815465,1.558139534883721,94.3953488372093,411.0051507949829,17.88258582755484,537,0.005515907,0.0,0.0011599335,1.441860465116279
0.0011874563,0.1286829268292683,109960,1.3957138,1.5609756097560976,96.51219512195122,450.4834015369415,18.562282005391733,578,0.0032346807,0.0,0.0011874563,1.4390243902439024
0.0011711157,0.1242524916943522,119969,1.4086943,1.9534883720930232,90.76744186046511,491.70870208740234,17.43354706386568,621,0.005032899,0.0,0.0011711157,1.0465116279069768
0.00083797454,0.14235284337412002,129773,1.4045774,1.1702127659574468,97.02127659574468,532.267326593399,18.331858692430334,668,0.0038379785,0.0,0.00083797454,1.8297872340425532
0.0012239164,0.1404176646061533,139939,1.397452,0.8524590163934426,77.26229508196721,573.9472362995148,15.18078343640359,729,0.004026249,0.0,0.0012239164,2.1475409836065573
0.0010758855,0.14263986684528884,149884,1.382688,1.1,91.92,617.0172159671783,17.674639281227034,779,0.0035431162,0.0,0.0010758855,1.9
0.000846314,0.12750572082379863,159936,1.3618166,1.2391304347826086,94.04347826086956,657.1949591636658,17.898963230217504,825,0.0023674336,0.0,0.000846314,1.7608695652173914
0.0008251709,0.16770466570466575,169797,1.3465677,0.9629629629629629,79.88888888888889,698.1325800418854,15.244867332321089,879,0.0029000281,0.0,0.0008251709,2.037037037037037
0.0009048777,0.1502341482806599,179834,1.3226286,1.3488372093023255,103.11627906976744,737.9908485412598,19.868338818315447,922,0.0044520125,0.0,0.0009048777,1.6511627906976745
0.0013794167,0.12502867715078628,189897,1.3029907,1.1702127659574468,86.36170212765957,778.8530683517456,16.357960783330665,969,0.0065642335,0.0,0.0013794167,1.8297872340425532
0.00086576823,0.1273170731707317,199900,1.2940706,1.5853658536585367,95.48780487804878,819.8140995502472,18.24828757537675,1010,0.0016112977,0.0,0.00086576823,1.4146341463414633
0.000968338,0.13150000000000003,209900,1.2959492,1.525,98.625,860.4904375076294,18.920239346601473,1050,0.004413412,0.0,0.000968338,1.475
0.00078473816,0.12890365448504984,219913,1.304331,1.7906976744186047,94.25581395348837,901.3170039653778,17.7785181510974,1093,0.0051953606,0.0,0.00078473816,1.2093023255813953
0.0011453059,0.13521951219512193,229924,1.3010994,1.7073170731707317,101.41463414634147,941.9711632728577,19.300696493209124,1134,0.0021420894,0.0,0.0011453059,1.2926829268292683
0.00088204956,0.14158139534883718,239929,1.3398539,1.558139534883721,88.81395348837209,982.2626371383667,16.893728504662157,1177,0.004055382,0.0,0.00088204956,1.441860465116279
0.0014974511,0.13533454694716418,249813,1.3513554,1.2222222222222223,94.86666666666666,1023.3022844791412,18.1500323446943,1222,0.007129993,0.0,0.0014974511,1.7777777777777777
0.0011773376,0.13791109025559808,259898,1.3676873,1.0416666666666667,97.1875,1064.5156347751617,18.856747806829965,1270,0.0044185957,0.0,0.0011773376,1.9583333333333333
0.0010862033,0.15088383554897342,269908,1.3550175,1.0408163265306123,97.16326530612245,1106.4838342666626,19.158335525984487,1319,0.0040955697,0.0,0.0010862033,1.9591836734693877
0.0012262665,0.1394225455768626,279752,1.360476,0.7592592592592593,83.83333333333333,1146.643352508545,16.328411945407417,1373,0.0052725985,0.0,0.0012262665,2.240740740740741
0.0011870798,0.14673853249740884,289943,1.3523042,1.0980392156862746,86.11764705882354,1187.6197197437286,16.501017478410528,1424,0.006618261,0.0,0.0011870798,1.9019607843137254
0.0012422604,0.15590476190476188,299945,1.3469992,1.6428571428571428,99.14285714285714,1231.610511302948,18.762153811903303,1466,0.0037123463,0.0,0.0012422604,1.3571428571428572
0.0008631297,0.12907681088964515,309999,1.3427703,1.5454545454545454,92.6590909090909,1271.633014202118,17.702470003508477,1510,0.006604285,0.0,0.0008631297,1.4545454545454546
0.00082142453,0.1369,319999,1.3489262,1.8,102.675,1312.0807943344116,19.152690741832682,1550,0.0032076782,0.0,0.00082142453,1.2
0.0007891037,0.12887557603686636,329794,1.352173,1.7142857142857142,95.14285714285714,1352.5675566196442,18.096675701272527,1592,0.0024747432,0.0,0.0007891037,1.2857142857142858
0.0008205261,0.11685986793837125,339839,1.3582296,1.6382978723404256,85.2127659574468,1396.7120397090912,16.099514218160966,1639,0.004790571,0.0,0.0008205261,1.3617021276595744
0.0005082306,0.1223512880562061,349995,1.3622954,1.5625,86.375,1437.0532536506653,16.66738479788734,1687,0.0014714095,0.0,0.0005082306,1.4375
0.00073223264,0.13355253590798025,359816,1.3914318,1.7619047619047619,97.64285714285714,1479.9505515098572,18.51528645352377,1729,0.0026016159,0.0,0.00073223264,1.2380952380952381
0.0007529157,0.13998846925743477,369869,1.3706886,1.3555555555555556,100.2,1520.3605954647064,18.95735042444468,1774,0.002380851,0.0,0.0007529157,1.6444444444444444
0.0010410525,0.13573783174679632,379898,1.3674436,1.3695652173913044,94.6304347826087,1562.2111389636993,18.323576567293753,1820,0.0032028905,0.0,0.0010410525,1.6304347826086956
0.001373642,0.1442180546584474,389829,1.3660766,1.2173913043478262,98.34782608695652,1602.398425102234,18.58283009913195,1866,0.003550441,0.0,0.001373642,1.7826086956521738
0.0011135209,0.15109039357543755,399979,1.3719094,1.0434782608695652,100.82608695652173,1645.2200019359589,19.82540424771938,1912,0.0026922591,0.0,0.0011135209,1.9565217391304348
0.00081356574,0.15076694705591293,409791,1.3585602,1.2340425531914894,94.72340425531915,1689.4929327964783,18.11714037538203,1959,0.0025269298,0.0,0.00081356574,1.7659574468085106
0.00093778636,0.15226937931349693,419947,1.3173351,1.2708333333333333,94.4375,1729.5686197280884,18.038000510358152,2007,0.003554292,0.0,0.00093778636,1.7291666666666667
0.000742968,0.14297372033640224,429827,1.3005245,1.2,97.86666666666666,1772.9354526996613,18.55409147564846,2052,0.0020891703,0.0,0.000742968,1.8
0.00091612805,0.14984348924754046,439838,1.2783927,1.173913043478261,100.43478260869566,1813.3661296367645,19.16221162366436,2098,0.004110903,0.0,0.00091612805,1.826086956521739
0.0012785177,0.13687857142200124,449909,1.27843,0.9019607843137255,87.82352941176471,1858.2234282493591,16.920933071415668,2149,0.003943154,0.0,0.0012785177,2.0980392156862746
0.0010268387,0.16118882089555103,459929,1.246664,1.2765957446808511,99.31914893617021,1898.5153620243073,19.15721037767797,2196,0.003317811,0.0,0.0010268387,1.7234042553191489
0.0010865964,0.14667909867909865,469957,1.2181916,1.2954545454545454,104.45454545454545,1942.120135307312,19.67380171721133,2240,0.0040699025,0.0,0.0010865964,1.7045454545454546
0.0011678193,0.13741586524450664,480000,1.196112,1.627906976744186,100.6046511627907,1982.1052932739258,19.419577256041464,2283,0.0033117344,0.0,0.0011678193,1.372093023255814
0.0015686605,0.13938960653847957,489763,1.1713332,1.2765957446808511,91.91489361702128,2024.645923614502,17.701121279588996,2330,0.0067069056,0.0,0.0015686605,1.7234042553191489
0.0008633171,0.14385416065416068,499820,1.1486263,1.4222222222222223,101.0,2065.046562194824,19.145167605071304,2375,0.0030038124,0.0,0.0008633171,1.5777777777777777
0.0013375458,0.13222350362352497,509963,1.113449,1.1764705882352942,90.29411764705883,2106.9703891277313,17.415114384308442,2426,0.0051910016,0.0,0.0013375458,1.8235294117647058
0.0011441035,0.13535635483530598,519929,1.1151599,1.3265306122448979,93.85714285714286,2152.098343372345,18.27666285867896,2475,0.0032149237,0.0,0.0011441035,1.6734693877551021
0.0012793904,0.14902817879288469,529793,1.081485,1.3333333333333333,110.5,2192.8604106903076,20.714284080969076,2517,0.005695111,0.0,0.0012793904,1.6666666666666667
0.0007365916,0.14679503105590064,539817,1.0482299,1.6428571428571428,106.57142857142857,2234.109923362732,20.23034671309758,2559,0.0028162317,0.0,0.0007365916,1.3571428571428572
0.0010944997,0.13249197860962572,549869,1.027478,1.8863636363636365,97.5,2275.125490665436,18.314209474290642,2603,0.0036134832,0.0,0.0010944997,1.1136363636363635
0.0011640585,0.13792811839323466,559890,1.0277871,1.8604651162790697,101.93023255813954,2318.5021693706512,19.500200298582648,2646,0.0034926585,0.0,0.0011640585,1.1395348837209303
0.0014721914,0.13558276643990932,569974,1.031188,1.9761904761904763,99.0,2359.9760909080505,18.760386365304775,2688,0.005111125,0.0,0.0014721914,1.0238095238095237
0.0011593658,0.13639024390243903,579977,1.0061655,1.9268292682926829,102.29268292682927,2402.045594930649,19.26378473597931,2729,0.0028962723,0.0,0.0011593658,1.0731707317073171
0.0014529818,0.13193650793650796,589758,0.9880339,1.8571428571428572,96.71428571428571,2442.724522590637,18.191498723016327,2771,0.0041220854,0.0,0.0014529818,1.1428571428571428
0.0013612342,0.14080946552427578,599831,0.98997664,1.8837209302325582,103.95348837209302,2483.61452126503,19.79459579994384,2814,0.0052347532,0.0,0.0013612342,1.1162790697674418
0.0012623363,0.1513,609831,0.9626473,2.05,113.475,2526.246831893921,21.61481310120556,2854,0.0030194682,0.0,0.0012623363,0.95
0.0010342132,0.1474108527131783,619850,0.95941055,1.8837209302325582,109.46511627906976,2566.2700963020325,20.797992383721603,2897,0.0038430053,0.0,0.0010342132,1.1162790697674418
0.0014672,0.14682926829268295,629855,0.9231531,1.975609756097561,110.1219512195122,2608.66880607605,21.11423509043662,2938,0.006046825,0.0,0.0014672,1.024390243902439
0.0013037913,0.1448780487804878,639868,0.9367851,1.975609756097561,108.65853658536585,2650.7781133651733,20.324638199644326,2979,0.0055708527,0.0,0.0013037913,1.024390243902439
0.0014479771,0.14740000000000003,649868,0.9334683,1.95,110.55,2692.566374540329,20.84621153950714,3019,0.0035422982,0.0,0.0014479771,1.05
0.0011804163,0.1459512195121951,659871,0.92640954,1.9024390243902438,109.46341463414635,2733.8860862255096,20.785620435042112,3060,0.004407993,0.0,0.0011804163,1.0975609756097562
0.0009043554,0.14239598997493738,669893,0.92115974,1.9523809523809523,105.92857142857143,2774.38414144516,20.232994501512614,3102,0.0023232442,0.0,0.0009043554,1.0476190476190477
0.0018038024,0.13454814814814814,679938,0.8979056,1.7777777777777777,99.26666666666667,2815.7580308914185,18.915654209763133,3147,0.004862681,0.0,0.0018038024,1.2222222222222223
0.0013663267,0.15150000000000002,689938,0.88342315,1.95,113.625,2856.9185404777527,21.56777480777877,3187,0.0042242683,0.0,0.0013663267,1.05
0.00074535725,0.16549999999999998,699938,0.86914086,2.15,124.125,2898.9885745048523,23.314465723808734,3227,0.0026032517,0.0,0.00074535725,0.85
0.001363501,0.14950029815146096,709967,0.8894642,1.9767441860465116,108.48837209302326,2940.280030488968,20.393980173629757,3270,0.0035559188,0.0,0.001363501,1.0232558139534884
0.0015869832,0.14439024390243904,719972,0.8604078,2.1219512195121952,108.29268292682927,2981.032140493393,20.27822570143458,3311,0.0058589242,0.0,0.0015869832,0.8780487804878049
0.0015256556,0.1457,729972,0.88975537,1.925,109.275,3022.970074892044,20.52683049511689,3351,0.005515219,0.0,0.0015256556,1.075
0.001493805,0.14949999999999997,739972,0.88359153,2.05,112.125,3064.3496046066284,21.143443342422934,3391,0.003881574,0.0,0.001493805,0.95
0.00097145286,0.1566485212678214,749754,0.86546016,2.2195121951219514,114.8048780487805,3105.856090784073,21.476862032047247,3432,0.0042722556,0.0,0.00097145286,0.7804878048780488
0.0007637549,0.14266666666666672,759764,0.9040057,1.9761904761904763,107.0,3147.009076356888,19.985876273920724,3474,0.0035172037,0.0,0.0007637549,1.0238095238095237
0.0018324641,0.15096700143472025,769781,0.9059414,2.0,111.21951219512195,3188.3883380889893,21.05641261647991,3515,0.0048735146,0.0,0.0018324641,1.0
0.0014501531,0.15109999999999998,779781,0.8518861,1.95,113.325,3229.89688205719,21.20336557755528,3555,0.005519118,0.0,0.0014501531,1.05
0.0012071304,0.15430000000000005,789781,0.85601926,2.0,115.725,3271.5102195739746,21.782251973482655,3595,0.0039878674,0.0,0.0012071304,1.0
0.001534092,0.15290000000000004,799781,0.80006576,1.9,114.675,3312.98229265213,21.703112804744215,3635,0.00573544,0.0,0.001534092,1.1
0.0010580792,0.1559783197831978,809790,0.838075,2.024390243902439,115.02439024390245,3354.227020263672,21.998028567722603,3676,0.004102046,0.0,0.0010580792,0.975609756097561
0.0018322942,0.15248780487804878,819805,0.8181966,1.8780487804878048,114.36585365853658,3396.082865715027,21.78937791072743,3717,0.0040962347,0.0,0.0018322942,1.1219512195121952
0.0013349106,0.1646,829805,0.86189663,1.925,123.45,3437.3862369060516,23.423023090514423,3757,0.0049045724,0.0,0.0013349106,1.075
0.0018657903,0.1532548403976976,839825,0.8361056,1.7619047619047619,109.85714285714286,3478.0314128398895,20.938465354892077,3799,0.0047078673,0.0,0.0018657903,1.2380952380952381
0.0011921412,0.14484391630823065,849880,0.8243563,1.5116279069767442,103.3953488372093,3519.643515586853,19.49315368456637,3842,0.004010566,0.0,0.0011921412,1.4883720930232558
0.0014463506,0.14887550147481668,859837,0.8118846,1.372093023255814,105.20930232558139,3562.0197529792786,20.125760210020033,3885,0.003784657,0.0,0.0014463506,1.627906976744186
0.0017211166,0.1623582766439909,869859,0.7893235,1.5714285714285714,114.57142857142857,3604.3991129398346,21.645254395923786,3927,0.004181383,0.0,0.0017211166,1.4285714285714286
0.0015385142,0.15317873027225545,879853,0.81287014,1.3953488372093024,107.44186046511628,3645.6830055713654,20.30034389138734,3970,0.0037932557,0.0,0.0015385142,1.6046511627906976
0.0011800618,0.1554843205574913,889874,0.81412774,1.6829268292682926,114.21951219512195,3688.1331157684326,21.564506696961892,4011,0.0055429167,0.0,0.0011800618,1.3170731707317074
0.0020769115,0.16805085156542626,899800,0.7635447,1.4390243902439024,121.6829268292683,3731.5476360321045,23.598668932087293,4052,0.006101839,0.0,0.0020769115,1.5609756097560976
0.0015015188,0.14392609259788536,909785,0.7209852,1.6136363636363635,103.70454545454545,3772.4664223194122,19.679721860713713,4096,0.005254304,0.0,0.0015015188,1.3863636363636365
0.001306306,0.16737934613388686,919832,0.73439234,2.048780487804878,124.90243902439025,3817.619604587555,23.86026291041119,4137,0.0046823267,0.0,0.001306306,0.9512195121951219
0.0011370982,0.15825930680359437,929851,0.7272337,1.975609756097561,117.8048780487805,3857.971143245697,22.334569814226438,4178,0.005203307,0.0,0.0011370982,1.024390243902439
0.0015231943,0.14428743140841388,939946,0.7346631,1.7674418604651163,106.95348837209302,3899.3683717250824,20.388599669379392,4221,0.0038583241,0.0,0.0015231943,1.2325581395348837
0.0010932144,0.1620060468631897,949765,0.74799114,2.119047619047619,118.07142857142857,3940.7011528015137,22.131915414816678,4263,0.0030593842,0.0,0.0010932144,0.8809523809523809
0.0013306615,0.1600929152148664,959870,0.7177963,2.1219512195121952,118.7560975609756,3983.7239332199097,22.461920065483753,4304,0.004865976,0.0,0.0013306615,0.8780487804878049
0.0015876378,0.16659999999999997,969870,0.65955186,2.1,124.95,4025.397982120514,23.68983598357373,4344,0.0065580606,0.0,0.0015876378,0.9
0.0021847906,0.15502294983927645,979958,0.5806871,1.9285714285714286,113.64285714285714,4065.9305148124695,21.442890557530987,4386,0.0077048438,0.0,0.0021847906,1.0714285714285714
0.0013394293,0.16310027100271002,989967,0.60062605,2.3658536585365852,120.36585365853658,4109.4140791893005,22.77673106521129,4427,0.0027109405,0.0,0.0013394293,0.6341463414634146
0.0011385981,0.15669116360454943,999860,0.57540184,2.142857142857143,115.5,4149.369555711746,21.856605728978725,4469,0.005447813,0.0,0.0011385981,0.8571428571428571
0.0019758544,0.1585123920913395,1009924,0.58370614,2.1666666666666665,116.71428571428571,4191.823772907257,21.916043933234413,4511,0.0057682954,0.0,0.0019758544,0.8333333333333334
0.0017593185,0.16458689678170638,1019767,0.5131855,2.2142857142857144,119.0,4231.299184083939,22.68165316130304,4553,0.0069821635,0.0,0.0017593185,0.7857142857142857
0.0019499153,0.156390243902439,1029792,0.4639261,2.1219512195121952,116.63414634146342,4275.07620215416,21.880564782115275,4594,0.005787587,0.0,0.0019499153,0.8780487804878049
0.0018009178,0.170689962370524,1039907,0.41953307,2.255813953488372,121.95348837209302,4315.467074394226,22.639109389045288,4637,0.0053963987,0.0,0.0018009178,0.7441860465116279
0.001363592,0.18180000000000002,1049907,0.39264128,2.55,136.35,4357.798761129379,25.507983224230404,4677,0.0041651856,0.0,0.001363592,0.45
0.0008354739,0.18040000000000006,1059907,0.36437917,2.55,135.3,4398.412291526794,25.041236703406202,4717,0.0030506544,0.0,0.0008354739,0.45
0.0015170114,0.1813,1069907,0.3280023,2.6,135.975,4439.7483422756195,25.25335789827893,4757,0.006083336,0.0,0.0015170114,0.4
0.0011079772,0.18329999999999996,1079907,0.32566342,2.75,137.475,4481.964726448059,25.71817061591178,4797,0.0028759812,0.0,0.0011079772,0.25
0.001426885,0.1904,1089907,0.30663043,2.7,142.8,4522.710552215576,26.58683885901804,4837,0.004307343,0.0,0.001426885,0.3
0.0013667605,0.18349999999999997,1099907,0.23135483,2.65,137.625,4566.203914642334,25.2886233760479,4877,0.008914996,0.0,0.0013667605,0.35
0.0025345974,0.18070000000000003,1109907,0.15298504,2.95,135.525,4606.737254142761,24.314917815785332,4917,0.00989786,0.0,0.0025345974,0.05
0.0010749013,0.18649999999999994,1119907,0.07729339,2.85,139.875,4648.413514852524,25.726467012168836,4957,0.0074216216,0.0,0.0010749013,0.15
0.0009821263,0.1852,1129907,0.018512726,2.825,138.9,4688.808000087738,25.07705231681317,4997,0.0064476165,0.0,0.0009821263,0.175
0.0010047366,0.1951,1139907,0.044836525,2.925,146.325,4731.4194412231445,26.62925857395241,5037,0.0040412173,0.0,0.0010047366,0.075
0.0006509994,0.19519999999999998,1149907,0.09045898,2.9,146.4,4771.6751391887665,27.038003511614868,5077,0.0058458364,0.0,0.0006509994,0.1
0.000466443,0.1815,1159907,0.06283673,2.75,136.125,4813.778403043747,25.462188419066994,5117,0.002779917,0.0,0.000466443,0.25
0.0011235677,0.2102,1169907,0.017898774,2.775,157.65,4854.262744903564,29.468533647755446,5157,0.0045846896,0.0,0.0011235677,0.225
0.0006495753,0.19699999999999995,1179907,-0.01992968,2.875,147.75,4897.48162317276,27.53887678757348,5197,0.0056410646,0.0,0.0006495753,0.125
0.00043156,0.18330000000000002,1189907,0.0014679432,2.875,137.475,4938.039429187775,24.988010330470527,5237,0.0015826569,0.0,0.00043156,0.125
0.00039518636,0.20470000000000002,1199907,0.0237387,2.95,153.525,4978.045476675034,28.036935288017286,5277,0.004243674,0.0,0.00039518636,0.05
0.00037398224,0.1964,1209907,0.018152026,2.825,147.3,5019.228673219681,27.59882130085264,5317,0.0067089065,0.0,0.00037398224,0.175
0.0011923508,0.20829999999999999,1219907,8.21352e-05,2.925,156.225,5061.662429094315,29.076539305766126,5357,0.008969251,0.0,0.0011923508,0.075
0.0009409115,0.2132,1229907,0.056880664,2.875,159.9,5102.719109773636,29.53315576211683,5397,0.0060591307,0.0,0.0009409115,0.125
0.0011822914,0.18769999999999992,1239907,0.014180255,2.75,140.775,5143.828956127167,25.95200997470487,5437,0.0038270273,0.0,0.0011822914,0.25
0.0017796564,0.207,1249907,0.006430467,2.9,155.25,5186.5806250572205,28.69423445780044,5477,0.0075246603,0.0,0.0017796564,0.1
0.0010953406,0.17809999999999998,1259907,0.016608238,2.95,133.575,5226.6842918396,24.491995440243794,5517,0.0031261363,0.0,0.0010953406,0.05
0.00058265013,0.1889,1269907,-0.023883862,2.95,141.675,5269.2425537109375,25.314367330240295,5557,0.003723914,0.0,0.00058265013,0.05
0.0013120654,0.15009999999999998,1279907,-0.06296132,2.925,112.575,5309.275922060013,19.83391664097609,5597,0.00731362,0.0,0.0013120654,0.075
0.001762795,0.15189999999999998,1289907,-0.101486325,2.9,113.925,5351.4616730213165,20.08831746958895,5637,0.0038326362,0.0,0.001762795,0.1
0.00032114005,0.12760000000000002,1299907,-0.104781486,2.9,95.7,5392.037479639053,16.709548347170173,5677,0.005667634,0.0,0.00032114005,0.1
0.0013937175,0.1458,1309907,-0.07877087,2.9,109.35,5433.8052587509155,18.210192754050254,5717,0.008388199,0.0,0.0013937175,0.1
0.00081908266,0.17250000000000004,1319907,-0.07309311,2.925,129.375,5474.977568626404,22.619734542398408,5757,0.0085675595,0.0,0.00081908266,0.075
0.0024389192,0.1719,1329907,-0.09465043,2.85,128.925,5515.478072166443,22.87571043809077,5797,0.007791851,0.0,0.0024389192,0.15
0.0006639576,0.182,1339907,-0.1435565,2.925,136.5,5557.933293581009,25.085732739005316,5837,0.0043786773,0.0,0.0006639576,0.075
0.00090261956,0.1719,1349907,-0.21984841,2.975,128.925,5597.660422325134,23.402825787484257,5877,0.008312348,0.0,0.00090261956,0.025
0.0011421375,0.18949999999999992,1359907,-0.27725142,2.95,142.125,5639.406511306763,25.48116763053771,5917,0.0062861103,0.0,0.0011421375,0.05
0.00023658243,0.16659999999999997,1369907,-0.29109076,2.975,124.95,5680.003345012665,22.188817154263948,5957,0.004732473,0.0,0.00023658243,0.025
0.0011316788,0.1781,1379907,-0.31473112,3.0,133.575,5722.16198182106,23.631586791396153,5997,0.0056801373,0.0,0.0011316788,0.0
0.001076469,0.14379999999999996,1389907,-0.23873901,3.0,107.85,5762.88413310051,18.982008602457917,6037,0.0059737177,0.0,0.001076469,0.0
0.00087655947,0.08430000000000004,1399907,-0.19464645,2.925,63.225,5803.88156914711,10.938098219293845,6077,0.0049233367,0.0,0.00087655947,0.075
0.0021870804,0.17129999999999995,1409907,-0.14242005,2.925,128.475,5844.256187438965,22.52632492295943,6117,0.0061330018,0.0,0.0021870804,0.075
0.0008392187,0.16009999999999996,1419907,-0.14675052,2.9,120.075,5885.781023979187,21.785762477995696,6157,0.0037037951,0.0,0.0008392187,0.1
0.0022232786,0.16100000000000003,1429907,-0.10823285,2.95,120.75,5927.528927087784,20.96201696707327,6197,0.0084634395,0.0,0.0022232786,0.05
0.0011420209,0.14140000000000003,1439907,-0.091957666,2.85,106.05,5969.16365480423,18.822205330809915,6237,0.0038692332,0.0,0.0011420209,0.15
0.00063223904,0.1539,1449907,-0.115618065,2.9,115.425,6011.50790810585,20.422592641606094,6277,0.003211855,0.0,0.00063223904,0.1
0.0015735326,0.13810000000000003,1459907,-0.12675487,2.95,103.575,6052.09837436676,18.06792599739824,6317,0.005858566,0.0,0.0015735326,0.05
0.0016679667,0.13830000000000003,1469907,-0.09623773,2.95,103.725,6093.842972755432,18.16935090198798,6357,0.005765039,0.0,0.0016679667,0.05
0.0018838797,0.14179999999999998,1479907,-0.10363257,2.925,106.35,6135.260830640793,19.035251217409606,6397,0.005109758,0.0,0.0018838797,0.075
0.0029706864,0.14679999999999999,1489907,-0.13971552,2.925,110.1,6179.165112495422,20.46022926174992,6437,0.0058738305,0.0,0.0029706864,0.075
0.0023104248,0.14140000000000003,1499907,-0.08711224,3.0,106.05,6220.183291196823,19.152857813505964,6477,0.007867642,0.0,0.0023104248,0.0
0.0019831914,0.13510000000000003,1509907,-0.11596634,3.0,101.325,6261.718142747879,18.69064013830907,6517,0.0058829,0.0,0.0019831914,0.0
0.0011523662,0.1573,1519907,-0.11459365,2.85,117.975,6304.4066870212555,21.689286328471688,6557,0.004479594,0.0,0.0011523662,0.15
0.00045355834,0.16,1529907,-0.10895355,2.95,120.0,6345.684030532837,22.056581410346453,6597,0.00079831225,0.0,0.00045355834,0.05
0.0017149462,0.13720000000000002,1539907,-0.06692813,2.875,102.9,6387.238869428635,18.891682542422494,6637,0.00408539,0.0,0.0017149462,0.125
0.001211202,0.13670000000000002,1549907,-0.03539858,2.85,102.525,6428.121991634369,19.120600721289343,6677,0.0034336788,0.0,0.001211202,0.15
0.0013301984,0.12300000000000003,1559907,-0.008456707,2.85,92.25,6475.262795209885,16.96542857936531,6717,0.0043016872,0.0,0.0013301984,0.15
0.001961144,0.1335,1569907,-0.041476905,2.85,100.125,6516.362250089645,18.412064652229073,6757,0.0055465517,0.0,0.001961144,0.15
0.0014416168,0.15610000000000002,1579907,-0.102568984,2.95,117.075,6558.575472354889,21.571372249046625,6797,0.0053587127,0.0,0.0014416168,0.05
0.001593806,0.1552,1589907,-0.09109992,2.825,116.4,6599.603283166885,21.371146236152413,6837,0.004789713,0.0,0.001593806,0.175
0.0010097565,0.17099999999999996,1599907,-0.14196594,2.925,128.25,6642.10077047348,23.436878825534706,6877,0.006237498,0.0,0.0010097565,0.075
0.0020687475,0.1248,1609907,-0.12703694,3.0,93.6,6684.592553853989,16.428477679457146,6917,0.0046205143,0.0,0.0020687475,0.0
0.0022439992,0.1484,1619907,-0.12785387,2.95,111.3,6724.88099360466,19.79650880573853,6957,0.006960232,0.0,0.0022439992,0.05
0.0017216349,0.16470000000000004,1629907,-0.10008804,2.975,123.525,6768.504470348358,22.179799236532013,6997,0.0055532805,0.0,0.0017216349,0.025
0.0017167892,0.17099999999999999,1639907,-0.025958974,2.925,128.25,6809.0763239860535,23.485700117302706,7037,0.00786248,0.0,0.0017167892,0.075
0.001394823,0.16989999999999997,1649907,-0.04952995,2.825,127.425,6851.579580545425,23.29439691930888,7077,0.003723439,0.0,0.001394823,0.175
0.0007568934,0.19300000000000006,1659907,-0.0008414984,2.925,144.75,6891.68839597702,26.17278764386006,7117,0.005638839,0.0,0.0007568934,0.075
0.0007491964,0.1864,1669907,0.022825195,2.925,139.8,6933.658092260361,25.657125223200417,7157,0.007328517,0.0,0.0007491964,0.075
0.0016154719,0.17870000000000003,1679907,-0.025600582,2.9,134.025,6974.756326198578,24.853379887176175,7197,0.005314538,0.0,0.0016154719,0.1
0.0012829916,0.176,1689907,-0.10110719,2.925,132.0,7016.451197385788,24.257711278578046,7237,0.007410582,0.0,0.0012829916,0.075
0.0013654577,0.17629999999999996,1699907,-0.05997385,2.95,132.225,7057.355351924896,24.001172297349537,7277,0.0058989814,0.0,0.0013654577,0.05
0.0012511881,0.16029999999999997,1709907,-0.004949995,2.95,120.225,7098.571499109268,21.893213114697787,7317,0.005938091,0.0,0.0012511881,0.05
0.001143074,0.1754,1719907,0.058705475,2.95,131.55,7140.34597659111,23.841903493480935,7357,0.0067768916,0.0,0.001143074,0.05
0.0015605763,0.17550000000000002,1729907,0.012207902,2.825,131.625,7180.999052286148,24.18525649754539,7397,0.0065556,0.0,0.0015605763,0.175
0.001536145,0.18780000000000002,1739907,0.008501886,2.925,140.85,7223.932308673859,26.06515259808532,7437,0.0047245035,0.0,0.001536145,0.075
0.0008997182,0.1941,1749907,-0.023441846,2.95,145.575,7264.4515590667725,26.879334464141788,7477,0.0060165385,0.0,0.0008997182,0.05
0.0021184927,0.1831,1759907,0.039643593,2.8,137.325,7305.628885507584,25.582480605834917,7517,0.005519096,0.0,0.0021184927,0.2
0.0013516846,0.1857999999999999,1769907,0.10037993,2.825,139.35,7345.965834140778,25.987557768116375,7557,0.0051855864,0.0,0.0013516846,0.175
0.0017728645,0.16299999999999998,1779907,0.072336994,2.7,122.25,7387.799793481827,22.680923439772876,7597,0.0056611095,0.0,0.0017728645,0.3
0.0012605973,0.18510000000000004,1789907,0.07892625,2.875,138.825,7428.977968215942,25.736950384950962,7637,0.003680452,0.0,0.0012605973,0.125
0.0015503063,0.16730000000000006,1799907,0.14006999,2.85,125.475,7469.996760368347,23.71187600852181,7677,0.0050922465,0.0,0.0015503063,0.15
0.0017217392,0.1851,1809907,0.14241016,2.725,138.825,7512.284216403961,26.164882542225122,7717,0.0054757628,0.0,0.0017217392,0.275
0.0013694918,0.179,1819907,0.15315798,2.8,134.25,7553.552847623825,25.068356492909558,7757,0.005181274,0.0,0.0013694918,0.2
0.001815332,0.15660000000000002,1829907,0.16914372,2.825,117.45,7596.67302441597,22.04069665906419,7797,0.0033907255,0.0,0.001815332,0.175
0.0018947388,0.15800000000000003,1839907,0.20138676,2.775,118.5,7637.47122836113,22.076045578746225,7837,0.006060887,0.0,0.0018947388,0.225
0.0015250727,0.1576,1849907,0.18238796,2.775,118.2,7679.30743265152,21.70729520383328,7877,0.0038843318,0.0,0.0015250727,0.225
0.0009870122,0.15960000000000002,1859907,0.19108069,2.775,119.7,7720.045117378235,22.08257314084289,7917,0.003247587,0.0,0.0009870122,0.225
0.0010411866,0.14809999999999998,1869907,0.17019664,2.875,111.075,7761.725656032562,20.63183708075155,7957,0.0042845663,0.0,0.0010411866,0.125
0.0010118916,0.14419999999999997,1879907,0.16757697,2.975,108.15,7802.4163274765015,19.40649201196552,7997,0.0028093434,0.0,0.0010118916,0.025
0.0013749304,0.1302,1889907,0.11778204,2.85,97.65,7843.448922157288,17.785235274414923,8037,0.005402685,0.0,0.0013749304,0.15
0.0010706459,0.12340000000000002,1899907,0.09071064,2.75,92.55,7885.348027467728,16.43520212788883,8077,0.007683422,0.0,0.0010706459,0.25
0.0015577169,0.10969999999999999,1909907,0.098043196,2.9,82.275,7926.644640445709,14.804531058837549,8117,0.003195554,0.0,0.0015577169,0.1
0.001401515,0.10750000000000001,1919907,0.06128318,2.925,80.625,7970.261075973511,14.205015224088593,8157,0.0036027771,0.0,0.001401515,0.075
0.0010547956,0.12049999999999998,1929907,0.018979182,2.9,90.375,8010.683671236038,15.91667077653608,8197,0.004929356,0.0,0.0010547956,0.1
0.0015690882,0.1265,1939907,-0.013192466,2.975,94.875,8053.2678146362305,16.843200376742335,8237,0.0036752357,0.0,0.0015690882,0.025
0.0021208161,0.14750000000000002,1949907,0.0014023781,2.925,110.625,8093.804237365723,19.565787743290997,8277,0.0059208446,0.0,0.0021208161,0.075
0.001684846,0.13789999999999997,1959907,0.012547412,2.85,103.425,8136.647508382797,18.800544793022194,8317,0.0050871996,0.0,0.001684846,0.15
0.002045096,0.16346129374337218,1969930,-0.040870294,2.8292682926829267,119.70731707317073,8176.9533524513245,22.08596085339211,8358,0.0048522307,0.0,0.002045096,0.17073170731707318
0.0011523336,0.18359999999999999,1979930,-0.06923587,2.85,137.7,8218.7954723835,25.794059767610957,8398,0.0036899806,0.0,0.0011523336,0.15
0.0017103174,0.14320000000000005,1989930,-0.115974285,2.875,107.4,8260.535643577576,19.804438833004564,8438,0.005128352,0.0,0.0017103174,0.125
0.0007614081,0.13740000000000002,1999930,-0.14406772,2.9,103.05,8302.593129634857,19.195768372153335,8478,0.0043012705,0.0,0.0007614081,0.1
0.001054642,0.18080000000000002,2009930,-0.16257718,2.925,135.6,8344.248706817627,24.80288434012542,8518,0.0035731494,0.0,0.001054642,0.075
0.0007312169,0.16979999999999995,2019930,-0.11939243,3.0,127.35,8385.101912260056,23.289785969087443,8558,0.0045485487,0.0,0.0007312169,0.0
0.00040053457,0.17099999999999999,2029930,-0.101193756,2.925,128.25,8427.464351892471,23.106110787647886,8598,0.0022776658,0.0,0.00040053457,0.075
0.00074507395,0.14949999999999994,2039930,-0.16513683,2.95,112.125,8468.229400157928,19.767659324817096,8638,0.007208442,0.0,0.00074507395,0.05
0.0015005015,0.1412,2049930,-0.11605075,2.925,105.9,8510.697922468185,18.636641172705982,8678,0.006012739,0.0,0.0015005015,0.075
0.0017399302,0.10970000000000002,2059930,-0.17423448,2.975,82.275,8550.832624435425,14.182193913942744,8718,0.012436116,0.0,0.0017399302,0.025
0.0021289468,0.14619999999999997,2069930,-0.25438258,2.95,109.65,8593.2829144001,19.870968097152396,8758,0.009264407,0.0,0.0021289468,0.05
0.0007426178,0.13979999999999998,2079930,-0.31637508,3.0,104.85,8633.100004673004,18.604137321714028,8798,0.004802131,0.0,0.0007426178,0.0
0.0011036377,0.1139,2089930,-0.28416088,2.95,85.425,8674.908808469772,14.391632723737445,8838,0.006643641,0.0,0.0011036377,0.05
0.00038985393,0.055500000000000015,2099930,-0.3089776,2.975,41.625,8714.77426314354,6.797630677687072,8878,0.0027097398,0.0,0.00038985393,0.025
0.0019379654,0.04750000000000001,2109930,-0.27703953,2.975,35.625,8755.879604578018,6.030753666299459,8918,0.0040510776,0.0,0.0019379654,0.025
0.0020751047,0.10190000000000003,2119930,-0.23955202,3.0,76.425,8796.25164437294,12.66220511986796,8958,0.0069232313,0.0,0.0020751047,0.0
0.0028721737,0.12250000000000001,2129930,-0.21052435,2.975,91.875,8838.022782802582,15.760804024376014,8998,0.009928667,0.0,0.0028721737,0.025
0.0031930201,0.14429999999999998,2139930,-0.19891873,2.975,108.225,8878.442559242249,18.98492989338174,9038,0.012167353,0.0,0.0031930201,0.025
0.0023471355,0.17060000000000003,2149930,-0.22548352,2.925,127.95,8919.025317668915,23.297849223922903,9078,0.0071832086,0.0,0.0023471355,0.075
0.0009684815,0.17040000000000002,2159930,-0.23770472,2.95,127.8,8961.745525836945,23.298260814645644,9118,0.006961416,0.0,0.0009684815,0.05
0.0016923483,0.17899999999999994,2169930,-0.1719517,2.975,134.25,9001.899044036865,24.37208825826752,9158,0.006268701,0.0,0.0016923483,0.025
0.0010221126,0.18250000000000002,2179930,-0.25186566,2.975,136.875,9043.909767627716,25.310494129225376,9198,0.007476216,0.0,0.0010221126,0.025
0.00137497,0.17440000000000003,2189930,-0.31324968,2.975,130.8,9083.764362335205,23.799108369999736,9238,0.009498794,0.0,0.00137497,0.025
0.00066163635,0.21470000000000003,2199930,-0.25125512,3.0,161.025,9124.523078918457,29.951280683631374,9278,0.0071490575,0.0,0.00066163635,0.0
0.0012943252,0.19789999999999996,2209930,-0.27218652,2.875,148.425,9164.899070978165,27.517004187063968,9318,0.0034466186,0.0,0.0012943252,0.125
0.0012530164,0.19829999999999998,2219930,-0.32885718,2.925,148.725,9207.783477544785,27.468365281592146,9358,0.0068088393,0.0,0.0012530164,0.075
0.0013779327,0.1889,2229930,-0.34810442,2.975,141.675,9250.00470495224,26.10312995274213,9398,0.0074703204,0.0,0.0013779327,0.025
0.0012047007,0.1983,2239930,-0.27499485,2.975,148.725,9291.598932504654,27.57168037443761,9438,0.0065509374,0.0,0.0012047007,0.025
0.0009258474,0.1926,2249930,-0.2218792,2.975,144.45,9334.308409929276,26.807950739504133,9478,0.0049039763,0.0,0.0009258474,0.025
0.0013792074,0.19169999999999995,2259930,-0.14553162,2.9,143.775,9375.875351667404,26.446413614892133,9518,0.0062448764,0.0,0.0013792074,0.1
0.002031488,0.2071,2269930,-0.09402966,2.925,155.325,9417.816438913345,28.960358108152633,9558,0.005926004,0.0,0.002031488,0.075
0.0013896812,0.20059999999999997,2279930,-0.16624957,2.925,150.45,9457.869666099548,28.214626533607486,9598,0.0087457495,0.0,0.0013896812,0.075
0.0018758214,0.22089999999999993,2289930,-0.13736153,2.9,165.675,9500.973493337631,30.928291029610033,9638,0.008258581,0.0,0.0018758214,0.1
0.00093796285,0.20789999999999997,2299930,-0.16789831,2.975,155.925,9541.834878921509,29.196024399233085,9678,0.0039642937,0.0,0.00093796285,0.025
0.000993377,0.21059999999999995,2309930,-0.16662566,2.975,157.95,9582.559156656265,29.202331555075727,9718,0.0031154063,0.0,0.000993377,0.025
0.00107123,0.20839999999999992,2319930,-0.2306985,2.95,156.3,9622.811818361282,28.895882365225606,9758,0.007514011,0.0,0.00107123,0.05
0.0008637451,0.1907,2329930,-0.2905159,3.0,143.025,9663.58853340149,26.76148087500776,9798,0.0050772065,0.0,0.0008637451,0.0
0.000892335,0.1835,2339930,-0.29649544,2.925,137.625,9705.267790794373,25.438736436839346,9838,0.011201741,0.0,0.000892335,0.075
0.0016457168,0.1672,2349930,-0.3597129,3.0,125.4,9746.790145874023,23.031619232747545,9878,0.006417351,0.0,0.0016457168,0.0
0.0020764037,0.1777,2359930,-0.30533925,2.975,133.275,9789.36967086792,24.479834772469967,9918,0.009419371,0.0,0.0020764037,0.025
0.0020851267,0.17229999999999998,2369930,-0.34344476,3.0,129.225,9830.480828046799,23.707280397206922,9958,0.0039648646,0.0,0.0020851267,0.0
0.0018814296,0.1648,2379930,-0.36608014,2.975,123.6,9873.204099416733,22.367258461863663,9998,0.0075634774,0.0,0.0018814296,0.025
0.0017295434,0.16339999999999996,2389930,-0.34947538,3.0,122.55,9913.554078817368,21.819849324695305,10038,0.005881532,0.0,0.0017295434,0.0
0.0018728646,0.135,2399930,-0.3443291,3.0,101.25,9957.439595937729,18.298810813400003,10078,0.0025525417,0.0,0.0018728646,0.0
0.0020000506,0.1498,2409930,-0.33053607,3.0,112.35,9998.413472175598,20.164380037926612,10118,0.0046987366,0.0,0.0020000506,0.0
0.0014413086,0.146,2419930,-0.29195878,3.0,109.5,10040.439673185349,19.266632925181113,10158,0.0063845064,0.0,0.0014413086,0.0
0.0031085764,0.14040000000000002,2429930,-0.29766932,2.975,105.3,10082.881561756134,18.968738837735295,10198,0.0057928716,0.0,0.0031085764,0.025
0.0010577942,0.14510000000000003,2439930,-0.2689095,2.975,108.825,10124.981754779816,19.724885347448897,10238,0.0035477686,0.0,0.0010577942,0.025
0.0023775983,0.16069999999999998,2449930,-0.316406,2.975,120.525,10166.559079885483,21.550972928516963,10278,0.010471232,0.0,0.0023775983,0.025
0.0025742166,0.14370000000000002,2459930,-0.34768918,2.975,107.775,10207.30214214325,19.459448537133547,10318,0.004415641,0.0,0.0025742166,0.025
0.0025170462,0.1741,2469930,-0.41300383,2.975,130.575,10250.034901857376,24.11587050530735,10358,0.0061958185,0.0,0.0025170462,0.025
0.0021797577,0.15560000000000002,2479930,-0.42876467,2.975,116.7,10290.467199802399,21.123187734564823,10398,0.005179367,0.0,0.0021797577,0.025
0.00081287284,0.1413,2489930,-0.45145565,3.0,105.975,10331.550618886948,19.577343071816244,10438,0.010337878,0.0,0.00081287284,0.0
0.002041383,0.1527,2499930,-0.49036482,3.0,114.525,10372.096341133118,20.38510202682773,10478,0.004311958,0.0,0.002041383,0.0
0.0015394032,0.1568,2509930,-0.536827,3.0,117.6,10414.530282497406,21.469325956401264,10518,0.0060185376,0.0,0.0015394032,0.0
0.0018882625,0.1405,2519930,-0.54510456,3.0,105.375,10456.894466400146,18.705045538779004,10558,0.0038537933,0.0,0.0018882625,0.0
0.0027829716,0.15630000000000005,2529930,-0.5380539,3.0,117.225,10497.495532512665,21.13315860326289,10598,0.0055040778,0.0,0.0027829716,0.0
0.0029515957,0.15679999999999997,2539930,-0.5214617,3.0,117.6,10538.280716896057,21.09933188259561,10638,0.0048872284,0.0,0.0029515957,0.0
0.0013444998,0.15349999999999997,2549930,-0.5171142,2.975,115.125,10579.838666677475,20.504966742926566,10678,0.0030524284,0.0,0.0013444998,0.025
0.0018402217,0.1494,2559930,-0.5333498,3.0,112.05,10622.030173778534,20.387630408726654,10718,0.004079466,0.0,0.0018402217,0.0
0.002153659,0.12840000000000001,2569930,-0.54165465,3.0,96.3,10662.575456142426,17.074340640916276,10758,0.007324479,0.0,0.002153659,0.0
0.002334875,0.12990000000000002,2579930,-0.55639595,3.0,97.425,10704.676937580109,17.603926372254048,10798,0.005734254,0.0,0.002334875,0.0
0.0012183421,0.1376,2589930,-0.5593266,3.0,103.2,10747.212473392487,18.648490556245463,10838,0.003800483,0.0,0.0012183421,0.0
0.0025709267,0.13589999999999997,2599930,-0.51312053,2.95,101.925,10789.324351072311,18.282595029255464,10878,0.005969201,0.0,0.0025709267,0.05
0.006917483,0.1495,2609930,-0.48947194,3.0,112.125,10830.249959468842,20.437066926398053,10918,0.005113188,0.0,0.006917483,0.0
0.002531128,0.15639999999999998,2619930,-0.5074162,3.0,117.3,10872.155106067657,21.112762102865812,10958,0.004936148,0.0,0.002531128,0.0
0.0016023854,0.17179999999999992,2629930,-0.46618474,3.0,128.85,10913.740231275558,23.407829872490602,10998,0.0050125928,0.0,0.0016023854,0.0
0.0034235127,0.1319,2639930,-0.44449604,3.0,98.925,10955.077402114868,17.676512012006686,11038,0.00903618,0.0,0.0034235127,0.0
0.0017960523,0.15189999999999998,2649930,-0.4712914,2.975,113.925,10998.793703317642,21.16408025056361,11078,0.0034976704,0.0,0.0017960523,0.025
0.0015601408,0.1632,2659930,-0.49682787,3.0,122.4,11039.657075881958,22.521950760181245,11118,0.004879159,0.0,0.0015601408,0.0
0.002689388,0.16299999999999998,2669930,-0.49679524,2.975,122.25,11080.865112543106,22.48923835215392,11158,0.0061605987,0.0,0.002689388,0.025
0.002131724,0.16939999999999997,2679930,-0.51651055,3.0,127.05,11121.731975317001,23.162549362384034,11198,0.006236548,0.0,0.002131724,0.0
0.0023728537,0.17159999999999995,2689930,-0.48586822,3.0,128.7,11162.783859729767,23.51208708717412,11238,0.013746728,0.0,0.0023728537,0.0
0.0014483538,0.1626,2699930,-0.45986086,3.0,121.95,11205.337734222412,22.512596267890228,11278,0.004396214,0.0,0.0014483538,0.0
0.002619722,0.1544,2709930,-0.4618513,3.0,115.8,11246.117400407791,21.52889718634308,11318,0.005860262,0.0,0.002619722,0.0
0.001285613,0.16920000000000002,2719930,-0.43282303,3.0,126.9,11288.623901128769,23.321953715136782,11358,0.0040928647,0.0,0.001285613,0.0
0.0030140823,0.1355,2729930,-0.46859556,3.0,101.625,11329.188917160034,18.815206600874227,11398,0.010268305,0.0,0.0030140823,0.0
0.0020556296,0.14950000000000002,2739930,-0.42964777,3.0,112.125,11371.025941610336,20.423566529925772,11438,0.0049347905,0.0,0.0020556296,0.0
0.0022998722,0.18919999999999998,2749930,-0.45057064,3.0,141.9,11411.752970457077,26.23104468604746,11478,0.006204832,0.0,0.0022998722,0.0
0.002314133,0.17009999999999997,2759930,-0.49877292,3.0,127.575,11452.641402721405,23.622903258533505,11518,0.006511356,0.0,0.002314133,0.0
0.0017062032,0.18269999999999995,2769930,-0.4953071,2.975,137.025,11497.534946918488,24.91045462251802,11558,0.003937188,0.0,0.0017062032,0.025
0.00239704,0.1872,2779930,-0.54006195,3.0,140.4,11538.151411294937,26.1788507941496,11598,0.007948777,0.0,0.00239704,0.0
0.002297489,0.18209999999999996,2789930,-0.59289384,3.0,136.575,11579.062637090683,25.105167020696594,11638,0.007358804,0.0,0.002297489,0.0
0.0014704684,0.1839,2799930,-0.5877952,3.0,137.925,11619.42015337944,25.68732368387233,11678,0.0024201446,0.0,0.0014704684,0.0
0.0019284505,0.17729999999999996,2809930,-0.63614494,3.0,132.975,11660.68933725357,24.58679774835767,11718,0.0062448783,0.0,0.0019284505,0.0
0.0013668569,0.17239999999999994,2819930,-0.6658324,3.0,129.3,11701.180804014206,23.876464900271596,11758,0.0034260482,0.0,0.0013668569,0.0
0.0021319827,0.17959999999999998,2829930,-0.6744138,2.925,134.7,11742.152009248734,24.997321308986336,11798,0.0048102723,0.0,0.0021319827,0.075
0.0021075343,0.21960000000000002,2839930,-0.6549874,3.0,164.7,11783.598662614822,30.424170455807037,11838,0.006022593,0.0,0.0021075343,0.0
0.001993513,0.21669999999999995,2849930,-0.68847805,2.975,162.525,11824.435638189316,29.83424250085036,11878,0.005639993,0.0,0.001993513,0.025
0.0010337082,0.19819999999999996,2859930,-0.69524556,3.0,148.65,11865.19405579567,27.56705702463441,11918,0.00260687,0.0,0.0010337082,0.0
0.002216994,0.1674,2869930,-0.6778798,3.0,125.55,11905.475270986557,22.801602623937665,11958,0.0064516296,0.0,0.002216994,0.0
0.0011396685,0.20859999999999995,2879930,-0.72509754,3.0,156.45,11946.658300876617,29.27085128001398,11998,0.012379331,0.0,0.0011396685,0.0
0.0019157558,0.1698,2889930,-0.72491497,3.0,127.35,11987.605739116669,23.361194331641563,12038,0.0028048665,0.0,0.0019157558,0.0
0.0019138975,0.17719999999999994,2899930,-0.7497337,2.925,132.9,12028.53868341446,24.78338508887293,12078,0.0058757174,0.0,0.0019138975,0.075
0.002504697,0.1719,2909930,-0.7781573,2.975,128.925,12069.194916725159,23.66845488059882,12118,0.007321274,0.0,0.002504697,0.025
0.002006622,0.20699999999999993,2919930,-0.78900635,3.0,155.25,12109.649320363998,28.82916317110973,12158,0.005840747,0.0,0.002006622,0.0
0.0022081565,0.18259999999999993,2929930,-0.7527646,2.975,136.95,12150.550461053848,24.76536515097132,12198,0.0038397834,0.0,0.0022081565,0.025
0.002264623,0.1478,2939930,-0.7958824,3.0,110.85,12191.484565973282,20.292134917838652,12238,0.006455385,0.0,0.002264623,0.0
0.0023907146,0.14210000000000006,2949930,-0.7843578,3.0,106.575,12232.70061159134,18.950350940582794,12278,0.003622763,0.0,0.0023907146,0.0
0.0023496752,0.16620000000000001,2959930,-0.7954104,3.0,124.65,12273.294435501099,22.36603075574019,12318,0.006891168,0.0,0.0023496752,0.0
0.00410591,0.13169999999999998,2969930,-0.78131133,3.0,98.775,12313.646708011627,18.04434286971611,12358,0.0115880035,0.0,0.00410591,0.0
0.0025934642,0.13639999999999997,2979930,-0.7821035,3.0,102.3,12354.78618311882,18.429677917174438,12398,0.00578829,0.0,0.0025934642,0.0
0.0015698853,0.09490000000000001,2989930,-0.79102063,3.0,71.175,12395.48245382309,12.601808137116194,12438,0.00464548,0.0,0.0015698853,0.0
0.0032828862,0.08300000000000003,2999930,-0.7799733,3.0,62.25,12436.504655361176,11.078218655948293,12478,0.0043549896,0.0,0.0032828862,0.0
0.0027700786,0.11520000000000004,3009930,-0.73567396,3.0,86.4,12478.126635551453,14.735624325785242,12518,0.005085786,0.0,0.0027700786,0.0
0.0016848688,0.1126,3019930,-0.7053178,3.0,84.45,12518.78057551384,14.857670167595563,12558,0.0038958425,0.0,0.0016848688,0.0
0.0023768137,0.07200000000000002,3029930,-0.68746316,3.0,54.0,12559.618448972702,9.372772083716251,12598,0.00455827,0.0,0.0023768137,0.0
0.0034196237,0.08770000000000003,3039930,-0.67699695,3.0,65.775,12599.881374835968,11.74015286124674,12638,0.00565355,0.0,0.0034196237,0.0
0.0041152854,0.10940000000000001,3049930,-0.6537678,3.0,82.05,12640.682357788086,14.400369614958933,12678,0.005421212,0.0,0.0041152854,0.0
0.0025713744,0.09220000000000003,3059930,-0.6120592,3.0,69.15,12682.292024612427,12.244893137605255,12718,0.0047252392,0.0,0.0025713744,0.0
0.0030380941,0.10110000000000004,3069930,-0.6053399,2.975,75.825,12722.986243009567,13.430854960331004,12758,0.004682846,0.0,0.0030380941,0.025
0.002635918,0.13210000000000002,3079930,-0.56835353,3.0,99.075,12763.691917657852,17.625215274881363,12798,0.0044837296,0.0,0.002635918,0.0
0.0020925538,0.12979999999999997,3089930,-0.57010573,3.0,97.35,12804.21120595932,17.037727411282514,12838,0.0028759288,0.0,0.0020925538,0.0
0.0019363342,0.1314,3099930,-0.57378423,3.0,98.55,12844.750605106354,17.732418115060536,12878,0.0062879487,0.0,0.0019363342,0.0
0.002601359,0.10610000000000004,3109930,-0.55889946,3.0,79.575,12885.558194637299,14.345889124469377,12918,0.0035812191,0.0,0.002601359,0.0
0.0020673585,0.133,3119930,-0.56975627,3.0,99.75,12926.428907632828,17.45797915518712,12958,0.0048640915,0.0,0.0020673585,0.0
0.002968335,0.14639999999999997,3129930,-0.56966305,2.975,109.8,12968.937094211578,19.935517473253647,12998,0.0058374694,0.0,0.002968335,0.025
0.0020270392,0.11320000000000001,3139930,-0.58142275,3.0,84.9,13009.411684036255,15.265284626745768,13038,0.004180258,0.0,0.0020270392,0.0
0.0031466533,0.1206,3149930,-0.59900427,3.0,90.45,13049.82557964325,16.286501885271317,13078,0.004197317,0.0,0.0031466533,0.0
0.002482604,0.1319,3159930,-0.5788503,2.975,98.925,13090.449493408203,17.868458572656884,13118,0.006428018,0.0,0.002482604,0.025
0.0022625641,0.12310000000000001,3169930,-0.55297995,3.0,92.325,13131.191232204437,16.653065270431874,13158,0.0059861327,0.0,0.0022625641,0.0
0.0032072251,0.12379999999999998,3179930,-0.5498947,3.0,92.85,13173.310887098312,16.781875138905118,13198,0.0073432066,0.0,0.0032072251,0.0
0.0018074728,0.13140000000000002,3189930,-0.57388127,2.975,98.55,13214.465969324112,18.152076407510176,13238,0.007996665,0.0,0.0018074728,0.025
0.0036594635,0.11160000000000003,3199930,-0.5971283,3.0,83.7,13256.178465127945,15.415120523269366,13278,0.007397997,0.0,0.0036594635,0.0
0.0027997752,0.10880000000000004,3209930,-0.6126641,2.95,81.6,13296.673763036728,14.814824444806243,13318,0.0054880343,0.0,0.0027997752,0.05
0.0021498885,0.09930000000000004,3219930,-0.6362862,3.0,74.475,13337.114758253098,13.456267178921873,13358,0.0062055876,0.0,0.0021498885,0.0
0.0031418274,0.09310000000000004,3229930,-0.6819229,2.95,69.825,13377.353079319,12.653768420982413,13398,0.007955166,0.0,0.0031418274,0.05
0.0038495245,0.08190000000000004,3239930,-0.7084173,3.0,61.425,13418.413902282715,11.257029127857741,13438,0.005865889,0.0,0.0038495245,0.0
0.0023415238,0.08920000000000003,3249930,-0.7214738,3.0,66.9,13459.728295087814,11.975522783303875,13478,0.006690664,0.0,0.0023415238,0.0
0.002942572,0.07820000000000002,3259930,-0.73005974,2.95,58.65,13500.892937660217,10.585677846625904,13518,0.0053420104,0.0,0.002942572,0.05
0.0022659749,0.07320000000000002,3269930,-0.69816214,2.95,54.9,13542.351256847382,9.901924157015436,13558,0.0051364293,0.0,0.0022659749,0.05
0.00189189,0.05330000000000003,3279930,-0.6885972,2.975,39.975,13582.782715559006,7.200150214643498,13598,0.0041984078,0.0,0.00189189,0.025
0.0038140097,0.053100000000000015,3289930,-0.6798522,3.0,39.825,13624.155876398087,7.235232078089039,13638,0.0072317934,0.0,0.0038140097,0.0
0.0055579203,0.06590000000000003,3299930,-0.65990734,3.0,49.425,13664.95697426796,8.860872507817714,13678,0.0069048754,0.0,0.0055579203,0.0
0.003373679,0.08010000000000003,3309930,-0.65539426,3.0,60.075,13706.390737771988,10.782300213066296,13718,0.0078075062,0.0,0.003373679,0.0
0.009271637,0.06980000000000003,3319930,-0.6598149,2.925,52.35,13747.365576505661,9.507922953751963,13758,0.009053989,0.0,0.009271637,0.075
0.00491968,0.056200000000000014,3329930,-0.6290642,2.95,42.15,13788.506157636642,7.865497264455451,13798,0.0072205616,0.0,0.00491968,0.05
0.001490512,0.06010000000000003,3339930,-0.64306146,2.975,45.075,13829.582344532013,7.920320337290367,13838,0.00718484,0.0,0.001490512,0.025
0.0030877767,0.06730000000000004,3349930,-0.6174914,2.95,50.475,13870.196043491364,9.29687028441968,13878,0.006307655,0.0,0.0030877767,0.05
0.0033192367,0.050500000000000024,3359930,-0.61260974,2.925,37.875,13912.741867542267,7.069986713574821,13918,0.0046762177,0.0,0.0033192367,0.075
0.003448083,0.04960000000000002,3369930,-0.6055556,2.95,37.2,13953.54592013359,7.048612033871848,13958,0.0067138122,0.0,0.003448083,0.05
0.003329432,0.06530000000000002,3379930,-0.59640104,2.925,48.975,13994.266514778137,9.268846360701602,13998,0.0047698375,0.0,0.003329432,0.075
0.004623871,0.061900000000000024,3389930,-0.6067245,2.925,46.425,14035.295381069183,8.688423343312294,14038,0.005739572,0.0,0.004623871,0.075
0.004087898,0.06100000000000003,3399930,-0.6007427,2.95,45.75,14076.32110786438,8.336300260727652,14078,0.0073419707,0.0,0.004087898,0.05
0.0035201416,0.05280000000000003,3409930,-0.5968906,2.975,39.6,14117.208751440048,7.178311361056936,14118,0.006656726,0.0,0.0035201416,0.025
0.0044534835,0.04960000000000001,3419930,-0.5849379,2.95,37.2,14157.437232971191,6.712713415842776,14158,0.0059021013,0.0,0.0044534835,0.05
0.0038536773,0.05520000000000003,3429930,-0.56549674,2.95,41.4,14199.347893953323,7.401263325382603,14198,0.0056448304,0.0,0.0038536773,0.05
0.0039382805,0.05400000000000001,3439930,-0.5598386,2.975,40.5,14239.73301768303,7.323712189294895,14238,0.0058341958,0.0,0.0039382805,0.025
0.0028081376,0.06350000000000003,3449930,-0.55737257,3.0,47.625,14280.01542544365,8.897240886118501,14278,0.0050764945,0.0,0.0028081376,0.0
0.0036055308,0.04940000000000002,3459930,-0.52407795,2.975,37.05,14320.313009738922,6.8661811070298215,14318,0.0054323706,0.0,0.0036055308,0.025
0.0033865478,0.049900000000000014,3469930,-0.51943785,2.975,37.425,14361.231597185135,6.856932379417062,14358,0.0053671314,0.0,0.0033865478,0.025
0.0049602143,0.05410000000000002,3479930,-0.52569586,2.975,40.575,14402.298126220703,7.633777152412603,14398,0.006123343,0.0,0.0049602143,0.025
0.00297777,0.04180000000000001,3489930,-0.5233219,3.0,31.35,14443.296248197556,5.932736746056924,14438,0.003106093,0.0,0.00297777,0.0
0.0031986083,0.04230000000000002,3499930,-0.49456614,2.975,31.725,14484.732545614243,5.886881641790467,14478,0.0063865255,0.0,0.0031986083,0.025
0.0032349834,0.04680000000000002,3509930,-0.47335988,3.0,35.1,14525.086107730865,6.7000658802135815,14518,0.0055714417,0.0,0.0032349834,0.0
0.0035493644,0.03570000000000001,3519930,-0.45681068,3.0,26.775,14565.731395959854,5.089341243352423,14558,0.0060660103,0.0,0.0035493644,0.0
0.0018938357,0.04500000000000002,3529930,-0.4258955,2.975,33.75,14606.704060554504,6.342989626688326,14598,0.0040255697,0.0,0.0018938357,0.025
0.00334544,0.043600000000000014,3539930,-0.40038806,2.975,32.7,14647.38270020485,6.323686578509129,14638,0.007374112,0.0,0.00334544,0.025
0.0023099014,0.03720000000000001,3549930,-0.4164435,3.0,27.9,14688.66706085205,5.16929087713661,14678,0.00487575,0.0,0.0023099014,0.0
0.0029489147,0.03820000000000002,3559930,-0.41147044,3.0,28.65,14729.358461618423,5.287029733661411,14718,0.004123471,0.0,0.0029489147,0.0
0.0023376863,0.04140000000000001,3569930,-0.39766666,2.95,31.05,14770.36165690422,5.762925194499022,14758,0.004969657,0.0,0.0023376863,0.05
0.0037572866,0.04100000000000002,3579930,-0.3869602,3.0,30.75,14811.518859148026,5.9517736107974955,14798,0.004477606,0.0,0.0037572866,0.0
0.002110486,0.03750000000000002,3589930,-0.34207135,3.0,28.125,14852.274458646774,5.216449901386671,14838,0.005754255,0.0,0.002110486,0.0
0.0018657903,0.03920000000000002,3599930,-0.32290405,2.975,29.4,14893.010978460312,5.64140364723958,14878,0.0036649457,0.0,0.0018657903,0.025
0.0046966267,0.045700000000000025,3609930,-0.29054356,2.975,34.275,14933.82184791565,6.327128575411697,14918,0.0052123857,0.0,0.0046966267,0.025
0.00405511,0.035200000000000016,3619930,-0.2819942,2.975,26.4,14976.260203123093,5.0539509087021495,14958,0.009408124,0.0,0.00405511,0.025
0.0018816683,0.032000000000000015,3629930,-0.27349928,3.0,24.0,15017.129032611847,4.514292500767373,14998,0.002613009,0.0,0.0018816683,0.0
0.00294729,0.03670000000000002,3639930,-0.23936048,3.0,27.525,15058.833890199661,5.160479287571449,15038,0.0051825205,0.0,0.00294729,0.0
0.0017140188,0.03870000000000001,3649930,-0.23252955,2.95,29.025,15099.910681724548,5.381161063842829,15078,0.0021836865,0.0,0.0017140188,0.05
0.0028053375,0.03170000000000001,3659930,-0.21379092,2.975,23.775,15140.506056308746,4.611034184214075,15118,0.0057599866,0.0,0.0028053375,0.025
0.0026401326,0.03870000000000002,3669930,-0.1977489,3.0,29.025,15181.091003417969,5.426263713783607,15158,0.004011925,0.0,0.0026401326,0.0
0.0029200104,0.03510000000000001,3679930,-0.15843704,2.9,26.325,15222.652285814285,4.966954363226528,15198,0.0046486547,0.0,0.0029200104,0.1
0.002362026,0.04360000000000002,3689930,-0.109064534,2.85,32.7,15263.644404888153,6.19235549356208,15238,0.0047656335,0.0,0.002362026,0.15
0.0022683141,0.04260000000000003,3699930,-0.11453301,2.95,31.95,15305.106673717499,6.300062204425789,15278,0.005163258,0.0,0.0022683141,0.05
0.0030096553,0.04560000000000002,3709930,-0.118971124,2.975,34.2,15346.835702180862,6.36794829135692,15318,0.006580417,0.0,0.0030096553,0.025
0.002485077,0.040100000000000025,3719930,-0.10513247,2.925,30.075,15387.47502708435,5.4498832809232365,15358,0.0053076292,0.0,0.002485077,0.075
0.0017295186,0.043000000000000024,3729930,-0.0841148,2.95,32.25,15428.070699214935,6.236002230331116,15398,0.0033736406,0.0,0.0017295186,0.05
0.00291356,0.04210000000000001,3739930,-0.039408375,2.875,31.575,15468.781973838806,5.932720365389505,15438,0.0046217307,0.0,0.00291356,0.125
0.0028145853,0.04260000000000001,3749930,-0.02677593,2.875,31.95,15510.158740758896,6.1115321541840375,15478,0.0056729927,0.0,0.0028145853,0.125
0.0026201203,0.044500000000000026,3759930,-0.010895705,2.9,33.375,15550.520875453949,6.285286389862049,15518,0.0048126862,0.0,0.0026201203,0.1
0.0021661539,0.04550000000000003,3769930,0.030935323,2.8,34.125,15591.148154735565,6.498435316385695,15558,0.004679675,0.0,0.0021661539,0.2
0.0018583008,0.04800000000000003,3779930,0.043446995,2.9,36.0,15632.854925394058,6.772475549590638,15598,0.0036508325,0.0,0.0018583008,0.1
0.0025354838,0.04370000000000002,3789930,0.08355421,2.925,32.775,15673.511667251587,6.329005585411339,15638,0.0055145933,0.0,0.0025354838,0.075
0.0033010626,0.04890000000000003,3799930,0.117337994,2.9,36.675,15715.02829861641,6.937290003972867,15678,0.0052020834,0.0,0.0033010626,0.1
0.002029094,0.054400000000000025,3809930,0.14749134,2.85,40.8,15755.862974882126,7.727012648217688,15718,0.004746814,0.0,0.002029094,0.15
0.0032119018,0.05650000000000003,3819930,0.17225501,2.725,42.375,15797.043305158615,7.959325424616767,15758,0.0059663006,0.0,0.0032119018,0.275
0.002209067,0.04990000000000003,3829930,0.20995033,2.925,37.425,15837.729360818863,7.154333523672108,15798,0.0062717237,0.0,0.002209067,0.075
0.0031806245,0.053000000000000026,3839930,0.28240964,2.775,39.75,15878.418642759323,7.588741353861806,15838,0.0070470823,0.0,0.0031806245,0.225
0.0026235508,0.05990000000000003,3849930,0.31232008,2.825,44.925,15919.631968975067,8.52968299327872,15878,0.004907074,0.0,0.0026235508,0.175
0.0024994337,0.05780000000000003,3859930,0.3399652,2.75,43.35,15960.122258901596,8.194452537572896,15918,0.003968721,0.0,0.0024994337,0.25
0.001757292,0.06670000000000004,3869930,0.36672065,2.75,50.025,16001.284059524536,9.436342351426603,15958,0.0045844596,0.0,0.001757292,0.25
0.0021437379,0.06970000000000004,3879930,0.4259619,2.675,52.275,16041.96646976471,9.879493868957175,15998,0.005018268,0.0,0.0021437379,0.325
0.0025566262,0.06640000000000004,3889930,0.4368807,2.625,49.8,16082.874274969101,9.605759507480547,16038,0.005767091,0.0,0.0025566262,0.375
0.002116026,0.07720000000000005,3899930,0.4297999,2.425,57.9,16124.294715881348,10.97378717008797,16078,0.0048505333,0.0,0.002116026,0.575
0.0021182252,0.07950000000000004,3909930,0.48950368,2.725,59.625,16165.21123123169,11.188688675700941,16118,0.005605972,0.0,0.0021182252,0.275
0.0019178553,0.07870000000000003,3919930,0.5149459,2.7,59.025,16206.420812368393,11.35149410189511,16158,0.0043013985,0.0,0.0019178553,0.3
0.001928502,0.08470000000000004,3929930,0.5587826,2.45,63.525,16246.681020498276,12.195399874738488,16198,0.004850289,0.0,0.001928502,0.55
0.002156848,0.09380000000000006,3939930,0.55914885,2.375,70.35,16288.056741714478,13.336442281582919,16238,0.0039624753,0.0,0.002156848,0.625
0.0015172053,0.09200000000000005,3949930,0.5983873,2.35,69.0,16328.920575618744,13.186644093699158,16278,0.0052741813,0.0,0.0015172053,0.65
0.0012425863,0.09356097560975614,3959931,0.59237266,2.292682926829268,70.17073170731707,16370.552787065506,13.659878468823383,16319,0.0026342878,0.0,0.0012425863,0.7073170731707317
0.0019808859,0.09024390243902444,3969934,0.6494508,2.4634146341463414,67.6829268292683,16411.418642520905,12.911760627968638,16360,0.004981907,0.0,0.0019808859,0.5365853658536586
0.0019745308,0.10410000000000005,3979934,0.64174473,2.2,78.075,16451.75497198105,14.990151124106898,16400,0.005186412,0.0,0.0019745308,0.8
0.0020361685,0.09950000000000006,3989934,0.7132554,2.225,74.625,16492.55613398552,14.033314964879324,16440,0.006545955,0.0,0.0020361685,0.775
0.0018183736,0.10650000000000007,3999934,0.7717896,2.15,79.875,16533.699607133865,15.25654189319022,16480,0.006409193,0.0,0.0018183736,0.85
0.001833144,0.09717073170731713,4009937,0.8020008,2.0,72.8780487804878,16573.95068526268,13.79304251641623,16521,0.007074501,0.0,0.001833144,1.0
0.0013715114,0.10209523809523814,4019939,0.7660478,2.0238095238095237,76.57142857142857,16613.969614505768,14.617851918608219,16563,0.004500453,0.0,0.0013715114,0.9761904761904762
0.001527168,0.10430000000000006,4029939,0.8089558,2.275,78.225,16654.117764234543,14.865797385696672,16603,0.0043096445,0.0,0.001527168,0.725
0.0011760399,0.11140000000000005,4039939,0.8431387,2.375,83.55,16694.143100976944,15.872026028330207,16643,0.004487321,0.0,0.0011760399,0.625
0.0012894145,0.10458536585365859,4049940,0.8601222,2.097560975609756,78.4390243902439,16734.023515701294,15.125778834581073,16684,0.0054588094,0.0,0.0012894145,0.9024390243902439
0.0011023928,0.09619512195121957,4059941,0.8834651,2.048780487804878,72.14634146341463,16773.90025949478,13.775924255649763,16725,0.0038743662,0.0,0.0011023928,0.9512195121951219
0.0014424347,0.10136585365853662,4069942,0.91064364,2.268292682926829,76.02439024390245,16814.775888442993,14.308383219985949,16766,0.005817088,0.0,0.0014424347,0.7317073170731707
0.0012461054,0.10820000000000005,4079942,0.9163819,2.175,81.15,16855.274022102356,15.390126864254887,16806,0.004574878,0.0,0.0012461054,0.825
0.0012568812,0.10819512195121954,4089943,0.935177,2.097560975609756,81.14634146341463,16894.60214781761,15.440745071828982,16847,0.0047033746,0.0,0.0012568812,0.9024390243902439
0.0012710596,0.11326829268292687,4099944,0.9729603,1.951219512195122,84.95121951219512,16934.34917497635,15.95128255519384,16888,0.005453276,0.0,0.0012710596,1.048780487804878
0.0014414317,0.12039024390243905,4109947,0.9841319,1.975609756097561,90.29268292682927,16975.108025550842,17.094402104105313,16929,0.004305997,0.0,0.0014414317,1.024390243902439
0.0013366903,0.12458536585365852,4119948,0.97302336,1.975609756097561,93.4390243902439,17015.54932975769,17.636302533155387,16970,0.004599568,0.0,0.0013366903,1.024390243902439
0.0015473223,0.12439024390243907,4129951,0.92927706,2.048780487804878,93.29268292682927,17056.28168106079,17.732328835635485,17011,0.0049620206,0.0,0.0015473223,0.9512195121951219
0.0008918306,0.1264,4139951,0.9442892,1.65,94.8,17096.378536462784,18.16326224643192,17051,0.0032419881,0.0,0.0008918306,1.35
0.0017126892,0.11181395348837213,4149962,0.9858433,1.7906976744186047,83.86046511627907,17136.81704378128,15.792762068549825,17094,0.004935083,0.0,0.0017126892,1.2093023255813953
0.0012421107,0.1215238095238095,4159970,0.9757211,1.6904761904761905,91.14285714285714,17176.651375055313,17.485737956403995,17136,0.0053347736,0.0,0.0012421107,1.3095238095238095
0.0015659307,0.11227272727272732,4169974,0.98284906,1.5454545454545454,84.20454545454545,17216.728652477264,15.7719549955431,17180,0.0036348186,0.0,0.0015659307,1.4545454545454546
0.0015151586,0.11190476190476195,4179976,0.966557,1.880952380952381,83.92857142857143,17257.120716810226,16.045816042081235,17222,0.003935893,0.0,0.0015151586,1.119047619047619
0.0016167318,0.11960975609756097,4189985,0.9512983,1.951219512195122,89.70731707317073,17297.593229532242,17.272811877525893,17263,0.004874239,0.0,0.0016167318,1.048780487804878
0.0017413106,0.1274,4199985,0.9939617,1.975,95.55,17337.174800872803,18.204852657003507,17303,0.0047059925,0.0,0.0017413106,1.025
0.0015039352,0.12447619047619049,4209987,1.0254059,1.8095238095238095,93.35714285714286,17376.749755620956,17.642794114711275,17345,0.0039865314,0.0,0.0015039352,1.1904761904761905
0.001967345,0.12224390243902443,4219990,1.0053585,1.7317073170731707,91.6829268292683,17416.58834385872,17.352810201006648,17386,0.005627793,0.0,0.001967345,1.2682926829268293
0.001404247,0.12965853658536586,4229991,1.0322756,1.7073170731707317,97.2439024390244,17456.990570545197,18.849855031956213,17427,0.0048124464,0.0,0.001404247,1.2926829268292683
0.0012595482,0.12485714285714287,4239999,1.0567174,1.619047619047619,93.64285714285714,17497.196195840836,17.818210411213723,17469,0.0042998428,0.0,0.0012595482,1.380952380952381
0.0013819123,0.1308,4249999,1.0805085,1.775,98.1,17536.53293466568,18.856663224182505,17509,0.004355481,0.0,0.0013819123,1.225
0.0016935966,0.1285,4259999,1.1165111,1.75,96.375,17576.36372900009,18.27307599347054,17549,0.0066670147,0.0,0.0016935966,1.25
0.001203833,0.1281,4269778,1.1532451,1.5,96.075,17616.5315284729,18.37980438000519,17589,0.004786534,0.0,0.001203833,1.5
0.00125211,0.13330232558139535,4279815,1.1384827,1.6046511627906976,97.46511627906976,17655.86399292946,18.58789233178949,17632,0.0044309846,0.0,0.00125211,1.3953488372093024
0.0012234177,0.13873170731707318,4289816,1.1181082,1.5365853658536586,104.04878048780488,17694.942411899567,19.755577937122013,17673,0.0031542622,0.0,0.0012234177,1.4634146341463414
0.0014463003,0.1395,4299816,1.1188406,1.5,104.625,17733.31081843376,19.814464820161476,17713,0.005666574,0.0,0.0014463003,1.5
0.00091901293,0.13715584415584417,4309830,1.1142577,1.4090909090909092,100.5,17771.393694639206,19.119293558007666,17757,0.0033555806,0.0,0.00091901293,1.5909090909090908
0.0012777682,0.14273170731707321,4319833,1.1158448,1.7073170731707317,107.04878048780488,17810.067053318024,20.485272189089205,17798,0.003912487,0.0,0.0012777682,1.2926829268292683
0.0013365885,0.1371402850712678,4329882,1.1193401,1.4651162790697674,100.88372093023256,17847.84627389908,19.762885741772358,17841,0.0038768325,0.0,0.0013365885,1.5348837209302326
0.0008999949,0.12975238095238098,4339911,1.1538076,1.3333333333333333,95.0,17886.711315870285,18.119113621696233,17886,0.0029523713,0.0,0.0008999949,1.6666666666666667
0.0008480428,0.1426016260162602,4349926,1.1652268,1.7073170731707317,105.8048780487805,17925.008795261383,19.799542829888324,17927,0.0030106572,0.0,0.0008480428,1.2926829268292683
0.000982842,0.13451162790697677,4359957,1.1675464,1.4651162790697674,100.25581395348837,17963.17581820488,18.943434377966607,17970,0.002681879,0.0,0.000982842,1.5348837209302326
0.00097278645,0.15944450664968704,4369807,1.1898088,1.488888888888889,92.46666666666667,18001.537186145782,17.87922816126058,18015,0.0032092712,0.0,0.00097278645,1.511111111111111
0.0010936734,0.1382189607109671,4379966,1.1767145,1.2553191489361701,97.08510638297872,18039.577985286713,18.420073806825187,18062,0.0028375143,0.0,0.0010936734,1.7446808510638299
0.001027557,0.1478365820226286,4389863,1.1735954,1.2045454545454546,104.45454545454545,18077.71016383171,20.17806034824068,18106,0.003498384,0.0,0.001027557,1.7954545454545454
0.0009117208,0.14949940953222332,4399868,1.1435993,1.2391304347826086,101.54347826086956,18115.346735954285,19.678884040241698,18152,0.0037531606,0.0,0.0009117208,1.7608695652173914
0.0010258789,0.15058223573117188,4409785,1.1546055,1.1904761904761905,102.71428571428571,18153.392095804214,19.787349438976467,18194,0.00311725,0.0,0.0010258789,1.8095238095238095
0.0011581677,0.14677845306737308,4419907,1.1312923,1.1956521739130435,100.1086956521739,18190.53328871727,19.201338463899937,18240,0.0039832643,0.0,0.0011581677,1.8043478260869565
0.00081369426,0.13441552827571582,4429972,1.1046711,1.037037037037037,85.83333333333333,18228.077379465103,16.66994312163553,18294,0.0041501294,0.0,0.00081369426,1.962962962962963
0.0008950694,0.14278388278388277,4439986,1.1338443,1.4047619047619047,105.78571428571429,18265.602393865585,20.05401901799645,18336,0.0044217976,0.0,0.0008950694,1.5952380952380953
0.00094944955,0.1474202434888726,4449954,1.1065028,1.2666666666666666,99.2,18302.820254802704,19.255367960381797,18381,0.0032640425,0.0,0.00094944955,1.7333333333333334
0.0010592875,0.15853732083519315,4459850,1.1224821,1.4042553191489362,103.14893617021276,18341.119510650635,19.60792143751599,18428,0.0036032202,0.0,0.0010592875,1.5957446808510638
0.00082034786,0.13209672234981273,4469904,1.0845796,1.1428571428571428,91.16326530612245,18378.68818449974,17.639507584188244,18477,0.004865432,0.0,0.00082034786,1.8571428571428572
0.00095949095,0.14184038267982965,4479899,1.1257799,0.9583333333333334,94.125,18416.878400087357,18.22256825789187,18525,0.0028487765,0.0,0.00095949095,2.0416666666666665
0.00058947806,0.1443911886177998,4489948,1.1195703,1.2954545454545454,101.72727272727273,18454.389676332474,19.41650394084325,18569,0.002090335,0.0,0.00058947806,1.7045454545454546
0.0011179405,0.14717019822282978,4499980,1.0753669,1.1590909090909092,107.18181818181819,18492.643456697464,20.622026494675428,18613,0.004442671,0.0,0.0011179405,1.8409090909090908
0.0011512279,0.139555314448162,4509782,1.0447841,1.0851063829787233,93.19148936170212,18530.037601947784,18.149155315863332,18660,0.0055849957,0.0,0.0011512279,1.9148936170212767
0.00063034566,0.13866666666666666,4519786,1.060351,1.2380952380952381,104.0,18567.789804458618,19.676526867890395,18702,0.0018257536,0.0,0.00063034566,1.7619047619047619
0.0016037798,0.14381395348837211,4529793,1.0806266,1.372093023255814,104.44186046511628,18605.727838754654,20.069214636738266,18745,0.006200349,0.0,0.0016037798,1.627906976744186
0.0012104315,0.14983959899749374,4539855,1.0609585,1.4285714285714286,107.42857142857143,18643.52715945244,20.57677215316118,18787,0.003998413,0.0,0.0012104315,1.5714285714285714
0.001268852,0.13859400144153686,4549954,1.0454253,1.5116279069767442,97.74418604651163,18682.14247941971,18.82441632697491,18830,0.0042432384,0.0,0.001268852,1.4883720930232558
0.0013096445,0.13828828828828832,4559751,1.0527917,1.5,102.07142857142857,18720.120196819305,19.643935977843608,18872,0.0042105117,0.0,0.0013096445,1.5
0.0012563627,0.14185365853658535,4569752,1.053207,1.6585365853658536,106.39024390243902,18757.758259296417,20.001652330587497,18913,0.0033460017,0.0,0.0012563627,1.3414634146341464
0.0009942647,0.14171848225214198,4579773,1.0784903,1.6744186046511629,103.74418604651163,18795.389087438583,19.84949700004994,18956,0.003357897,0.0,0.0009942647,1.3255813953488371
0.00079613953,0.1483830369357045,4589860,1.0743903,1.6046511627906976,109.25581395348837,18832.984634160995,20.491203287063723,18999,0.0026952797,0.0,0.00079613953,1.3953488372093024
0.0011861363,0.1663255813953488,4599883,1.0536983,1.7209302325581395,107.37209302325581,18871.102808713913,20.3992669981786,19042,0.0036640023,0.0,0.0011861363,1.2790697674418605
0.0012625564,0.13363636363636366,4609893,1.048782,1.6818181818181819,100.22727272727273,18908.520284175873,18.597714089466713,19086,0.0037201892,0.0,0.0012625564,1.3181818181818181
0.0009585302,0.14682926829268292,4619896,1.0291746,1.951219512195122,110.1219512195122,18945.8865981102,20.965086266061594,19127,0.003088882,0.0,0.0009585302,1.048780487804878
0.0013688584,0.14157236227824466,4629952,1.0331292,1.4761904761904763,104.78571428571429,18983.21736049652,19.99985582587511,19169,0.00408781,0.0,0.0013688584,1.5238095238095237
0.0006862681,0.14650000000000002,4639952,1.0699494,1.525,109.875,19021.52830529213,20.698548347726017,19209,0.0035381922,0.0,0.0006862681,1.475
0.0011078024,0.15888372093023256,4649969,1.0275911,1.6046511627906976,101.79069767441861,19060.673573732376,19.46314373466763,19252,0.00583114,0.0,0.0011078024,1.3953488372093024
0.0014246542,0.15102277432712216,4659993,1.0039806,1.5952380952380953,111.85714285714286,19098.60204410553,21.28933418736075,19294,0.0043313615,0.0,0.0014246542,1.4047619047619047
0.0011794703,0.1556487804878049,4669784,1.0288543,1.6,114.825,19136.85218834877,22.017291604271005,19334,0.0041960264,0.0,0.0011794703,1.4
0.000963592,0.1521,4679784,1.0376577,1.5,114.075,19174.130920410156,21.75525640403726,19374,0.002741648,0.0,0.000963592,1.5
0.0011807884,0.1492827059088918,4689926,1.0140866,1.3636363636363635,106.29545454545455,19212.188714027405,20.13238483165516,19418,0.0045897486,0.0,0.0011807884,1.6363636363636365
0.0013125468,0.15390968377014885,4699977,0.98504984,1.7209302325581395,108.97674418604652,19249.882085084915,20.911858297280887,19461,0.003264076,0.0,0.0013125468,1.2790697674418605
0.001287397,0.14273469387755103,4709754,0.9885421,1.8095238095238095,104.71428571428571,19287.57596182823,19.785735017721816,19503,0.0041650445,0.0,0.001287397,1.1904761904761905
0.00087480777,0.16139988814954614,4719751,0.97124815,1.4545454545454546,113.31818181818181,19325.348664999008,21.63736772186741,19547,0.004424965,0.0,0.00087480777,1.5454545454545454
0.0012983582,0.15711801242236018,4729777,0.9860365,1.5238095238095237,116.42857142857143,19362.84147286415,22.09241193775147,19589,0.005301044,0.0,0.0012983582,1.4761904761904763
0.0013515962,0.14740000000000003,4739777,1.0043377,1.75,110.55,19401.284268140793,20.83285447447833,19629,0.0056029796,0.0,0.0013515962,1.25
0.0012847118,0.14746997929606626,4749870,0.97338873,1.4444444444444444,105.6,19438.6088411808,20.176219938845147,19674,0.004736888,0.0,0.0012847118,1.5555555555555556
0.0013192169,0.15180395822146506,4759757,0.9635783,1.5227272727272727,106.97727272727273,19476.339607477188,20.73209836382285,19718,0.0041384436,0.0,0.0013192169,1.4772727272727273
0.0014622966,0.1357326946170484,4769763,0.9301193,1.489795918367347,95.87755102040816,19514.517666339874,18.25891443866953,19767,0.0054961364,0.0,0.0014622966,1.510204081632653
0.001143928,0.14949999999999997,4779763,0.97703797,1.825,112.125,19552.687623739243,21.16905978785404,19807,0.0040113106,0.0,0.001143928,1.175
0.0016088659,0.16336046741929097,4789813,0.92765546,1.5454545454545454,100.70454545454545,19590.80675625801,19.638664724479177,19851,0.005022104,0.0,0.0016088659,1.4545454545454546
0.001052652,0.14727648578811373,4799890,0.9639315,1.6744186046511629,107.93023255813954,19628.379263162613,20.61963075320298,19894,0.0042950893,0.0,0.001052652,1.3255813953488371
0.0013723733,0.15582072829131652,4809908,0.9731582,1.619047619047619,113.92857142857143,19666.096331596375,21.322113209408563,19936,0.0055070887,0.0,0.0013723733,1.380952380952381
0.0013349955,0.15274933095450488,4819993,1.0146939,1.4186046511627908,109.81395348837209,19703.440807580948,21.22380840170716,19979,0.006090833,0.0,0.0013349955,1.5813953488372092
0.0013127136,0.14821400472069238,4829775,1.0142336,1.6341463414634145,109.60975609756098,19740.898113965988,20.809941972436054,20020,0.0028344926,0.0,0.0013127136,1.3658536585365855
0.0011087349,0.15026256564141036,4839810,0.9946155,1.6046511627906976,110.23255813953489,19777.825778484344,21.026344083157426,20063,0.0025552816,0.0,0.0011087349,1.3953488372093024
0.00084558234,0.15030000000000002,4849810,0.99035746,1.55,112.725,19815.661961078644,21.675418894742407,20103,0.0048587453,0.0,0.00084558234,1.45
0.0009651413,0.15020000000000006,4859810,1.0322225,1.85,112.65,19852.73495411873,21.37205997070013,20143,0.0042193593,0.0,0.0009651413,1.15
0.0009462751,0.14075272441298733,4869879,1.0230837,1.7209302325581395,103.6046511627907,19889.77993774414,19.77684019574767,20186,0.0036020249,0.0,0.0009462751,1.2790697674418605
0.0011874288,0.15760000000000002,4879879,0.9926757,1.75,118.2,19927.169233560562,22.54133901395607,20226,0.0038498694,0.0,0.0011874288,1.25
0.0015825867,0.14517073170731706,4889880,0.9886432,1.7317073170731707,108.8780487804878,19963.85317492485,20.96681607662613,20267,0.0058210315,0.0,0.0015825867,1.2682926829268293
0.0012937348,0.13855986218776917,4899911,0.95245457,1.5813953488372092,102.76744186046511,20001.591076612473,19.741952719635837,20310,0.0059529208,0.0,0.0012937348,1.4186046511627908
0.001466363,0.15439202657807302,4909962,0.92521757,1.6046511627906976,113.79069767441861,20037.48144030571,21.93874249921917,20353,0.005283536,0.0,0.001466363,1.3953488372093024
0.0015862762,0.15765116279069769,4919755,0.9351199,1.575,115.35,20074.614555597305,21.769163832488665,20393,0.0063963057,0.0,0.0015862762,1.425
0.0015810353,0.1445079365079365,4929773,0.91138124,1.8333333333333333,106.14285714285714,20111.39480996132,20.335839810670553,20435,0.005475109,0.0,0.0015810353,1.1666666666666667
0.00095745415,0.14675422138836774,4939786,0.9155745,1.6829268292682926,108.73170731707317,20148.587656259537,20.924191528371093,20476,0.0037419759,0.0,0.00095745415,1.3170731707317074
0.0011963323,0.15065482410309997,4949848,0.8875742,1.5,108.78571428571429,20186.189453840256,20.739252182466846,20518,0.0042034304,0.0,0.0011963323,1.5
0.0017353414,0.14174406356459066,4959978,0.8580934,1.565217391304348,100.23913043478261,20223.576182365417,19.120978227523807,20564,0.0054532164,0.0,0.0017353414,1.434782608695652
0.0011925609,0.15426534441168588,4969820,0.8544504,1.5853658536585367,114.29268292682927,20261.743619680405,21.690975790830894,20605,0.0037130897,0.0,0.0011925609,1.4146341463414633
0.0012514552,0.15674074074074074,4979830,0.84967524,1.6428571428571428,115.64285714285714,20298.70732164383,22.146264620585004,20647,0.004169178,0.0,0.0012514552,1.3571428571428572
0.0015499324,0.14831746031746032,4989894,0.8742247,1.6666666666666667,109.28571428571429,20335.93692612648,20.80221983730295,20689,0.0039406763,0.0,0.0015499324,1.3333333333333333
0.001743514,0.1526829268292683,4999897,0.83489597,1.5121951219512195,114.51219512195122,20372.880972862244,21.616239981938953,20730,0.005625218,0.0,0.001743514,1.4878048780487805
